Latitude,Longitude
-37.215425576720634,146.77394490257967
-37.2150449164681,146.77381746043758
-37.214657576912835,146.77349748267548
-37.2142802805371,146.77330493995518
-37.213994820662776,146.7730154244348
-37.21367449191877,146.77269925898685
-37.21335750457337,146.77240949883145
-37.213066255374926,146.77212913979486
-37.212771961720435,146.77183083980142
-37.212460090827996,146.77181961307915
-37.21211856754998,146.77175073895333
-37.20973166228917,146.76877838673485
-37.20706051826878,146.76605825575754
-37.20400872324317,146.76372107116015
-37.20130547602834,146.7656125927487
-37.19952862201155,146.7670083683493
-37.19818249675398,146.76836278424767
-37.19724274658257,146.7692606007241
-37.19591699969345,146.77020421138818
-37.195663348569184,146.77041349637244
-37.19315055796284,146.77235525778926
-37.19053214201462,146.7740796903231
-37.188172137992645,146.7762651344422
-37.185927587921405,146.7779936414805
-37.18411137055263,146.77943215588917
-37.18375976952952,146.78154172309857
-37.183476692930434,146.78335147984086
-37.183295430997646,146.784945872875
-37.183180912450865,146.7852810783772
-37.1818822551217,146.78895373664736
-37.1807367193452,146.79252335072087
-37.18061724670209,146.7930799176075
-37.18045139076336,146.79347765144416
-37.18034831211289,146.79408785028727
-37.18039743931832,146.7946369481061
-37.180565068746134,146.79884915505235
-37.18176181584893,146.8025946056949
-37.18326502509811,146.80689180531348
-37.18426605037707,146.8100973206318
-37.18485043124234,146.81259906064645
-37.18534519059315,146.81512425444578
-37.185455777452454,146.8166482109634
-37.1856088649181,146.81819213175385
-37.18569374604558,146.81868632560276
-37.18585661355057,146.81928014353815
-37.18590046567859,146.81971647971756
-37.185976140385826,146.82011743342125
-37.186127986902,146.8204787010291
-37.186217105612236,146.82085535104318
-37.18620992876536,146.82137741631897
-37.18627246989184,146.82192804508136
-37.18632619969698,146.82229854076996
-37.186416423717034,146.82274205911412
-37.186534735760866,146.82305467503912
-37.186692695615086,146.82363972021963
-37.18671812706612,146.82361000193137
-37.186738887187694,146.82357753928315
-37.18670215622177,146.82354787846882
-37.1867337311354,146.82351299683575
-37.186754721236156,146.82355222619208
-37.18696051157669,146.82391346628074
-37.19025067861925,146.8226829635422
-37.19308238848775,146.82197035560824
-37.19611163028426,146.8215770008229
-37.19932405248968,146.8210997872757
-37.20198358115576,146.82047485556552
-37.20394961632521,146.81971089409865
-37.20529167177002,146.81946458577264
-37.20666084417985,146.81944312307036
-37.20694913296329,146.81941611018507
-37.20743880688491,146.81951422363275
-37.20743975412112,146.81953652530814
-37.207410900475764,146.8195385338574
-37.20777711914038,146.8196793945715
-37.207765638379385,146.81971864200463
-37.207755213710236,146.8197423428878
-37.207746478463676,146.81970524342017
-37.2077420381664,146.81973260860266
-37.20770593828622,146.81971414218052
-37.207680975233245,146.81972935629298
-37.20769343414932,146.81971265394725
-37.20739660728494,146.81950363645038
-37.207003993613036,146.81920453053849
-37.203910279184385,146.81626415572185
-37.20139876819593,146.81406502773817
-37.198198409046164,146.81181470754032
-37.19621056546363,146.80994583934427
-37.194488693174854,146.80796311696682
-37.193306750528286,146.806233377945
-37.19231692065652,146.80517447513353
-37.191283794052545,146.8043035287672
-37.191030853144134,146.8044482464919
-37.187958156784546,146.80605636497953
-37.187514718889595,146.8061307558156
-37.18717460059162,146.80631730221245
-37.187033449652624,146.80674559556743
-37.18681522292002,146.80696447599834
-37.1864895179509,146.8071878539108
-37.18615664507328,146.80756241454003
-37.1858159025676,146.80797668332065
-37.18556067561776,146.80851833568656
-37.18535920011579,146.80900829760694
-37.1853198678015,146.80938863060712
-37.185271641520806,146.80983656385322
-37.185210239862094,146.8103311246739
-37.185124865188,146.81090463289257
-37.18495802761078,146.81146740707257
-37.184965598241874,146.81191947424955
-37.184970355203575,146.81236964447092
-37.18504469263182,146.8128750147401
-37.18512316751727,146.8134320933433
-37.185273428924354,146.81404241676202
-37.185410348875955,146.814547336912
-37.1855772266881,146.81503644871822
-37.18564676041244,146.81566012997635
-37.18571579334265,146.81602812512685
-37.18604782298848,146.819834326862
-37.186322915032655,146.8235052549161
-37.18650712201022,146.8282234756178
-37.186457943225285,146.8286573249299
-37.18639600169081,146.8290760528053
-37.18643523822011,146.8294749663683
-37.18633839407119,146.82992569288888
-37.18606776896262,146.83037313158374
-37.1857576895028,146.83082052561645
-37.185465872009175,146.83109163902282
-37.18499319143827,146.83131562270873
-37.184669711302284,146.83155456181586
-37.184601965584235,146.83220222311212
-37.18478393880395,146.83679749030156
-37.18487195777532,146.84075540457272
-37.18502348431631,146.8444353731136
-37.187434179030014,146.8455376956945
-37.18968043841991,146.84675819663454
-37.1913686526495,146.84769428037464
-37.19162931244786,146.84916622413425
-37.19164495129377,146.84982182191953
-37.191661174185,146.85040473774077
-37.191660836851916,146.85041562457522
-37.19179627530198,146.85098321371711
-37.19198808386671,146.85154541277942
-37.19231945655664,146.851966026786
-37.1926063331576,146.8522788486526
-37.19273233404323,146.85276536197395
-37.192926087147754,146.85338549963765
-37.1930865669254,146.85377172344346
-37.19335033131515,146.8543027986193
-37.19365761460753,146.85461924545615
-37.19389918730197,146.85478732010196
-37.193903592516854,146.8547628614724
-37.194267978189245,146.85471644524276
-37.194704930666724,146.85455958376158
-37.19496966456311,146.85440855528003
-37.195366460287254,146.85397619711821
-37.195799461519314,146.8537138267819
-37.19624297195154,146.853569892264
-37.19621660481753,146.85357095893616
-37.19623285161427,146.85357151081723
-37.196211008658025,146.8535942648303
-37.196193999197,146.85358339039766
-37.196177696625185,146.85356158412586
-37.19620357793274,146.85357618347862
-37.1961766016759,146.85354468404722
-37.196179764913914,146.85357003446387
-37.19617152177627,146.85358899123835
-37.1961720922802,146.8535903692573
-37.19618217958713,146.8536168869553
-37.19618197411341,146.85363927979628
-37.19616474934633,146.85363876440607
-37.196197572574384,146.85367202822735
-37.19618010727479,146.85368730689518
-37.196117396384075,146.85328932167093
-37.19587474290102,146.8527081453159
-37.1957621008767,146.85228823169933
-37.195621118027695,146.8517888291695
-37.195025932580734,146.84783941367536
-37.19435358933058,146.8433323401212
-37.19592385399335,146.83895273719375
-37.197140626457745,146.83611951407622
-37.198441591138064,146.83370560043952
-37.19975676030955,146.83260437898124
-37.20077491577518,146.83139314204055
-37.20177908760366,146.830376537002
-37.20199230290726,146.8302108598382
-37.20456707158896,146.82854126852814
-37.207751024364896,146.82649877868786
-37.210483305232536,146.82440447572824
-37.21279638839539,146.82300017774236
-37.215163513417465,146.8214095922598
-37.215511485905566,146.82105467472206
-37.215907924730764,146.82080009511887
-37.21587988314805,146.82079288361564
-37.21588632989306,146.82079174044458
-37.21591264706906,146.8207944893823
-37.21591817743558,146.8207590296962
-37.2159283612705,146.8207225963385
-37.215927842314976,146.820683311874
-37.21589650680517,146.82071356657084
-37.215893056567936,146.82070231701232
-37.21610272388155,146.82028540472362
-37.21623724377633,146.81973438444615
-37.21636187017365,146.8191220217044
-37.21635583375073,146.81850956982723
-37.21628762743127,146.81800901129552
-37.21616129694438,146.81744533351537
-37.216159089969544,146.8170347733256
-37.2161503557849,146.81654036340797
-37.21613373934424,146.8165768250176
-37.21613682363294,146.81655344671356
-37.21609972900206,146.81655562279494
-37.216108842537224,146.81652031288834
-37.21613038254253,146.81655583575457
-37.2161678488001,146.81653773042692
-37.21586018410791,146.81673413096112
-37.21554888677241,146.81706432157156
-37.21534012370316,146.81732262385574
-37.2151120483625,146.8178300075518
-37.21495661184215,146.81823903535064
-37.2147265830566,146.81870535327207
-37.21444142839134,146.81903626373344
-37.21410106082539,146.8193946756535
-37.21110080483578,146.82256721611324
-37.20881457625037,146.825413242335
-37.206662201295096,146.82814815835258
-37.20447882320307,146.8312364394784
-37.20282606841838,146.8339928642301
-37.20144102367803,146.83587520026649
-37.200526887564436,146.83703224575652
-37.200294176425736,146.83739612145212
-37.20030479195462,146.83740962969773
-37.2003199068435,146.8373829916163
-37.200360043754706,146.83734859827098
-37.200322403683934,146.83733835738528
-37.200652251638154,146.8375948639942
-37.20098834838062,146.83804067147042
-37.20121641825272,146.83835797234374
-37.201675489548826,146.8386345630165
-37.20201282241281,146.83885906151113
-37.20243222696524,146.83910033705232
-37.202720214922174,146.83939054500067
-37.20305619787684,146.83950358872247
-37.20335702200342,146.83975423476252
-37.203659033625165,146.83990674206984
-37.20401112343305,146.83998471151236
-37.20695515148991,146.84041486686706
-37.210351473901184,146.8408795205753
-37.21381312244247,146.84091625764572
-37.21416839006577,146.84097865182912
-37.21455937278309,146.84103181314362
-37.214958681643864,146.84098394788143
-37.21871440024991,146.83971605360495
-37.22176829332165,146.8386671677933
-37.22486877417647,146.83749924788768
-37.22789459423447,146.83612110477233
-37.228242259351354,146.83604147224437
-37.22864019388928,146.83593003014389
-37.22900757071503,146.83589125457928
-37.229302521005295,146.83581878769618
-37.22973423172865,146.83568767357468
-37.23016139339786,146.83554067449015
-37.230619971353036,146.83558094082113
-37.23094160393112,146.83570556514704
-37.231249380574546,146.8358455618985
-37.231563896608506,146.83599064647476
-37.231854953364966,146.83631006581498
-37.23211197150588,146.836532022919
-37.232578634092185,146.83683354216612
-37.2328457957489,146.83713675019018
-37.23312043433681,146.8375219072315
-37.233424730338356,146.83791965283905
-37.23339068026527,146.8379513548545
-37.2333834331619,146.83792276781668
-37.23335059194779,146.83791796608526
-37.233333182334874,146.83790207116763
-37.23332088940652,146.83787268159722
-37.233341624199,146.8378388601497
-37.23336871164071,146.8378278191137
-37.233357791377685,146.8378369145235
-37.23336153934668,146.83781294172175
-37.23334871075919,146.83783326359236
-37.233380437279635,146.83783005350668
-37.23346843772421,146.83828727425504
-37.23364044257406,146.83873714375508
-37.23381794581958,146.83923019969694
-37.23402033402305,146.83979252955675
-37.23424331878445,146.84024998205368
-37.234470805029375,146.84080302723032
-37.2346970870866,146.84136840125993
-37.234722993255424,146.841365475235
-37.234759816514405,146.8413585923713
-37.234757083696195,146.84139096443883
-37.23474620318515,146.84139729391998
-37.234722019952144,146.84141846190488
-37.23440827134236,146.84176053438526
-37.23412333975963,146.84221587141582
-37.23385633962933,146.84250943223893
-37.2334909367573,146.8428957370275
-37.233230024632526,146.84326210362602
-37.23291531389463,146.84369319866008
-37.23252707828452,146.84404623225353
-37.23222553488182,146.8444036333978
-37.231833861883544,146.8447906005987
-37.231533157269205,146.84497133949614
-37.231104535381455,146.8451183464806
-37.230681125358444,146.84519424521258
-37.23024122652273,146.84528633129526
-37.22991965781309,146.84529209325436
-37.229611898503975,146.8454432502498
-37.22929959292547,146.84545138968042
-37.228900191813956,146.84544764140674
-37.228539930298155,146.84541424915494
-37.22855555762956,146.84540206166508
-37.22829461835512,146.8451925309115
-37.227920191063326,146.84473373102642
-37.22761853374052,146.8444525484426
-37.22720942718926,146.84430663348726
-37.22695188417387,146.84418537712924
-37.22672367747428,146.84394983640973
-37.22668952209502,146.84395037895305
-37.22668514801003,146.84394915674775
-37.22670990498234,146.84393091726713
-37.22672022725349,146.84394836884246
-37.22672032365103,146.84392400932506
-37.226705320299985,146.84393951287132
-37.226713270435084,146.84393450687844
-37.22660913115983,146.84446304588957
-37.226524829632346,146.84478772439203
-37.226445171690514,146.84541915113905
-37.22648938283349,146.8459846739282
-37.22713465204819,146.8498915769012
-37.228140565782304,146.85445608641268
-37.22918679663777,146.8588539493454
-37.2312239042848,146.86123722130432
-37.232695624392,146.86299686531336
-37.23380754541121,146.86450465538454
-37.23469469552825,146.8657547955999
-37.23565024535682,146.86686494175026
-37.235879370920735,146.86707689961716
-37.23891275758077,146.86982686011726
-37.24182257011165,146.87233985500487
-37.244725279597155,146.87408037661132
-37.24778208623248,146.8755176385579
-37.24829594609145,146.87559450684958
-37.24872210336561,146.87552936536918
-37.2490803852808,146.87553230902088
-37.24947946697214,146.8755988399957
-37.249898045990406,146.87564846236796
-37.25038304438134,146.8756905048189
-37.25086044709667,146.87564277998334
-37.25110236617026,146.87585429349235
-37.251360122821204,146.87626862573745
-37.25154143966319,146.8765814082187
-37.2517000039806,146.87690376459642
-37.25364001988528,146.87966614024793
-37.255714802060055,146.88224495351065
-37.25837211389197,146.88491918756705
-37.26047035008852,146.88694754783253
-37.26229185858057,146.88829957275195
-37.2636528715181,146.8893693146223
-37.264799824746255,146.89004782607108
-37.26600350522887,146.89076012542913
-37.26626390397079,146.8908900266872
-37.269574176815254,146.891778153626
-37.27310441369071,146.8919702702969
-37.27603519183794,146.89376918615918
-37.27639061383831,146.89401969888414
-37.27672300628223,146.89412359912896
-37.27703548940702,146.89413506212472
-37.27743335699217,146.8941634745331
-37.27746807583845,146.89413965426007
-37.27757680058446,146.8945788737219
-37.277715002422525,146.89508183598372
-37.277897562764835,146.89927281437824
-37.27776419443418,146.9034171936166
-37.277284237266905,146.90743966922645
-37.27689770945642,146.9077014086882
-37.276862847509484,146.90771182669215
-37.27687746003533,146.90775005508567
-37.27686835817567,146.907730634904
-37.27689091452849,146.90775774737946
-37.276571767558195,146.90766953192255
-37.276208716824144,146.90767572418042
-37.27581781641563,146.9077263141523
-37.27543271541197,146.907661238354
-37.2750622269608,146.9075967709845
-37.274580659272026,146.90752133466086
-37.27411752782654,146.90752041707862
-37.273583127094554,146.9074659929021
-37.27311506813564,146.90755485903026
-37.272750139109505,146.90750386480212
-37.27240555702112,146.90751606033683
-37.26910297050897,146.90704862546116
-37.266198223399755,146.90704549227792
-37.2629837806967,146.9066082183041
-37.260162713329684,146.90636722796486
-37.25790675024438,146.9063829055068
-37.25626686046509,146.90801226498405
-37.25597536122108,146.9082401713927
-37.255594870105114,146.90855157757346
-37.25523904357457,146.90883792438098
-37.25487434299819,146.90928665167144
-37.25440823954615,146.9095025833729
-37.254069299961536,146.90954546098922
-37.250941076191076,146.90785970072815
-37.247569593736515,146.906219726662
-37.243956469767724,146.90462294424842
-37.241465826983365,146.90349254435912
-37.23925293474317,146.90210457880826
-37.23733301283677,146.90107285255843
-37.2359946766112,146.9002570394704
-37.23485132574341,146.89965794646764
-37.23454816079182,146.8995215138625
-37.234204158441734,146.89935055280134
-37.23370380586903,146.89931616324782
-37.23367100052758,146.89932298294255
-37.23369336754257,146.89932687007575
-37.23369301953517,146.89930357738635
-37.23370955440416,146.89933007539724
-37.23371521757686,146.89930612820396
-37.23373136613762,146.89927625562152
-37.23374571043512,146.89931603207864
-37.233759032044944,146.89930035649738
-37.233511195415446,146.89963138783676
-37.23350607527963,146.89964940490424
-37.23351361079122,146.8996407806558
-37.23334222764763,146.9000175540858
-37.23322649262166,146.90057536340157
-37.233193600697234,146.9011975438491
-37.23325664943202,146.90163290529415
-37.23309128377319,146.90222570376827
-37.23293662961265,146.90259548770362
-37.23278198932163,146.90316998909884
-37.232650130115935,146.9035571503105
-37.23091382560696,146.90695823145748
-37.22735532112804,146.90691474914064
-37.2240305253228,146.906859450204
-37.221537819091495,146.9071521443179
-37.219075570213825,146.90745237515563
-37.21740973978024,146.90766969236276
-37.2162296559496,146.90790366510282
-37.21507687401181,146.90823596064465
-37.21473660012535,146.90830567236867
-37.214771231994625,146.908324293237
-37.2147666909532,146.90832931428392
-37.214770670042796,146.90835771094066
-37.21479204436179,146.90834392329978
-37.21476131026338,146.9083831288741
-37.21479764375851,146.90835351048474
-37.214758867184386,146.9083784777939
-37.21473576046562,146.90840659545216
-37.21470119426581,146.90841591083995
-37.214711873050405,146.90839018020503
-37.21470092930446,146.90838117812692
-37.21468754776062,146.90837582200984
-37.21469021721533,146.90840006193812
-37.21449482652092,146.90790118275885
-37.214232974824796,146.90760737079492
-37.21403103179458,146.907099229649
-37.21377090616857,146.90678602704745
-37.213788741236584,146.90642026455728
-37.213779117834385,146.90643519693342
-37.213776685109046,146.90647409729485
-37.21375614512782,146.90647109542175
-37.213741056011166,146.90645899852115
-37.21376048491439,146.9064704711046
-37.21374669695283,146.90646971735032
-37.21374857553644,146.90646513805504
-37.213732936581174,146.90645945775822
-37.21375400189145,146.90649500685058
-37.213762703007376,146.9064836577879
-37.21374858642651,146.90645439952706
-37.21373923264162,146.90648761979529
-37.21374918973386,146.90650015378165
-37.21376745154201,146.90653046266036
-37.21374728904853,146.90652583608656
-37.21375525235156,146.9065172380407
-37.21387864649572,146.90598655324203
-37.21403121122421,146.90548991769452
-37.21421790538024,146.90489113887838
-37.21575447458584,146.90130074705374
-37.217502287767964,146.89766297165775
-37.21923344523013,146.8941558782174
-37.22115315268244,146.89110329916812
-37.22229995448922,146.8884553245163
-37.22116489516291,146.88704123912748
-37.219951850947155,146.88728416055454
-37.218430025730974,146.88764397805306
-37.2181812963648,146.88767082084226
-37.2152928942215,146.88842266678546
-37.21479273133574,146.88849942896073
-37.2114018070686,146.88900809315976
-37.20891058070726,146.88632394856964
-37.20856555048854,146.88594944774024
-37.20813762663045,146.88552061371206
-37.20775497582243,146.88542554929103
-37.20736888036365,146.8853982502014
-37.20691984687118,146.8856120128569
-37.20691191502266,146.88563796562158
-37.206923133592575,146.8856291477455
-37.20689652001698,146.88565518684598
-37.20687284085,146.88564260474524
-37.20683752165153,146.88561649580527
-37.20680867060456,146.88559596998505
-37.20683796473461,146.88563333200773
-37.20650085346114,146.88557687237034
-37.206011763070215,146.88542960932386
-37.20558369097706,146.88519550582652
-37.20521497221758,146.88502316488538
-37.20489314347563,146.88482914271808
-37.20463757933745,146.88471407633008
-37.204291314100026,146.885033827771
-37.20397665157374,146.88516060017807
-37.20353776233158,146.88528170733585
-37.20321148888846,146.88547435869873
-37.2028901208736,146.88549203034844
-37.202544829176574,146.88552283479567
-37.20208991064942,146.88540418527384
-37.20176811411416,146.88530126239507
-37.20131505669047,146.8852847297696
-37.20084921086422,146.8851917376558
-37.20053263557387,146.88538125567945
-37.20017554509618,146.8854604859968
-37.19977217291323,146.88549419116276
-37.19936230527409,146.88544607871137
-37.19905586941035,146.8854432718337
-37.19864182105516,146.8854334191362
-37.1982673406267,146.8853971627185
-37.198298845410044,146.8853799293316
-37.19801417279153,146.8852159676229
-37.19794888514857,146.88480093250905
-37.19777877069199,146.88430505162222
-37.19756754386081,146.8839704477788
-37.197429864220005,146.8836445174757
-37.19721992215576,146.8830904436609
-37.196922152898075,146.88270582484236
-37.19670057024288,146.88233037812316
-37.19643501274925,146.88183314552276
-37.196171705804375,146.88146777551324
-37.19592569947562,146.8809237002118
-37.19572341811473,146.88047473999728
-37.19549817801706,146.88007299772804
-37.19551661819905,146.88008323765925
-37.19554352956826,146.88008684930256
-37.1952502142107,146.8799474229842
-37.19489074909351,146.8796456204997
-37.19268446162355,146.87713588317405
-37.189838265951025,146.87895980169623
-37.189345386174814,146.8789535329451
-37.18931828481538,146.8789658831648
-37.18932127560853,146.87898170601818
-37.189343227928546,146.8790153761786
-37.18909866879537,146.87932663439955
-37.18889087670455,146.87961589406004
-37.188901758478885,146.8796024653153
-37.188938839625266,146.87964397011703
-37.18864171454833,146.8798364799628
-37.1884040547328,146.87999687374068
-37.18808933653864,146.88023574600732
-37.18772005359102,146.88054875887394
-37.18744237652759,146.88090409662405
-37.18704700934443,146.88133601392144
-37.18671840107147,146.8816164804709
-37.186380346550536,146.88183765256883
-37.18599298338797,146.88192343341674
-37.18556769416313,146.88205931404315
-37.18529166369683,146.882164155614
-37.184958073393254,146.88223039608303
-37.18465620476882,146.88240905618264
-37.18429570414478,146.88264630591922
-37.183909430009805,146.8827555558624
-37.18341613221217,146.88280503875123
-37.183051233717286,146.88267315414691
-37.18265225627816,146.88258882266538
-37.182113444413766,146.88265838042443
-37.181749329031454,146.88276340712557
-37.18133276115191,146.88270189998354
-37.18084437781672,146.88276258898142
-37.18051353734186,146.88269702119092
-37.18008863313212,146.8825821275308
-37.17959042395236,146.88257918811996
-37.176560429702256,146.88270513155075
-37.17367014345091,146.8832006811703
-37.169952145420886,146.88312667493403
-37.16677231497008,146.88259108439757
-37.16510325266489,146.88075935779162
-37.163875432981534,146.87941955823422
-37.162956469748245,146.87822783925722
-37.16200394411041,146.8768225454847
-37.161794043211316,146.8765631867832
-37.161541949803535,146.87600508154537
-37.16140307219622,146.87556101175295
-37.15991902831237,146.87230357490037
-37.15786674693205,146.86880370869383
-37.1552846032773,146.86671274199503
-37.15276454286741,146.8649888725941
-37.15233374701017,146.86470635167632
-37.149044680517676,146.86309121040756
-37.14637590245625,146.86141353625987
-37.143086477672185,146.85979774785554
-37.14017950100958,146.85812761314574
-37.1382025774508,146.85686733124774
-37.1367677267329,146.85582092486098
-37.13561838886018,146.8548776997501
-37.13421002192631,146.85394739231464
-37.13397270011087,146.8537634388641
-37.13056932468605,146.8516064294339
-37.13031059084807,146.85124024030156
-37.13006119118673,146.85086425143473
-37.12985468946856,146.8505135983526
-37.129660650449175,146.85021065120878
-37.12950178935673,146.8498471378248
-37.129216105852294,146.84952873538558
-37.12893286935036,146.8492501744845
-37.12859352501461,146.8488693044378
-37.12833245929891,146.84855587468093
-37.12583025878138,146.8460957290619
-37.12354009014029,146.84298054903155
-37.12323044847793,146.84258268123514
-37.12297896636844,146.8422416630483
-37.12277405949234,146.84196808978442
-37.12259358856356,146.84152341893403
-37.12231709457829,146.84104730241418
-37.12232087191213,146.84102268716566
-37.12231608609808,146.8410033731393
-37.12249064680578,146.84057472174646
-37.1225224506623,146.84056271679682
-37.12277016947859,146.8401262233713
-37.12302410446308,146.83974599095438
-37.123383775860326,146.83926789502843
-37.123532909129715,146.83894240448086
-37.123721533754996,146.8384777950491
-37.12374603094966,146.8385026446956
-37.123722879905614,146.83851441277534
-37.12370365696842,146.83853357286796
-37.12373970668701,146.8385731132278
-37.12370396631731,146.83853171337384
-37.12368297703119,146.8385628150436
-37.123641538793784,146.83803809980284
-37.12366415900803,146.83755578305886
-37.12344076940797,146.83379223943098
-37.12544293349666,146.83086863010385
-37.1290035388472,146.83122664549776
-37.13222229947665,146.83197475747394
-37.13429088930841,146.83237422512596
-37.134601081476546,146.83252161165464
-37.13497670455586,146.83279576306128
-37.13532929719229,146.832937564206
-37.135764168152974,146.83326468134777
-37.135759766428734,146.83325545724
-37.13575044686856,146.8332270281867
-37.13577228430864,146.83320011459475
-37.13581189636235,146.83317324344
-37.13583904976787,146.83319387823164
-37.13586664689399,146.83323198358954
-37.13584441402587,146.8332554878765
-37.13586045661317,146.8332973143517
-37.13611930896598,146.83371793330375
-37.13642273233932,146.8340929257604
-37.13665553265558,146.83441203133776
-37.13675055718518,146.8349833100048
-37.13698121225611,146.83543590062604
-37.137242274625905,146.8358981768579
-37.1374877216124,146.83625019489835
-37.1396070094074,146.83888498304475
-37.142115347236064,146.8415699858086
-37.142486477807424,146.84198386204255
-37.14281611884871,146.84225527952432
-37.14279269572591,146.84225340232933
-37.14282258489985,146.84228992966075
-37.14324259860757,146.84191701991307
-37.1436190793757,146.8417286747557
-37.14358723129796,146.8417506402202
-37.1437991321122,146.84145038934057
-37.14596307915609,146.8380824949352
-37.14827139348256,146.83502953926933
-37.1506868039144,146.83183803975612
-37.151011266441756,146.8314490379298
-37.15138292353272,146.83115147579792
-37.151688600305306,146.8309014068271
-37.152030941601936,146.830503524444
-37.1523108424742,146.83021768788157
-37.15261547629855,146.8297722534345
-37.15282133555567,146.82947148918063
-37.153003199736,146.82897572602027
-37.153205343478085,146.82856411810772
-37.15341953332837,146.8282943240552
-37.153700082317,146.82797983216818
-37.15405460511183,146.82764596798592
-37.154063043894084,146.82765339155665
-37.154057371870984,146.82768164036762
-37.154067627296634,146.8277189229112
-37.15438257531535,146.82732406097122
-37.15434575223619,146.82732208302522
-37.15432200774478,146.82733592108121
-37.15434790978209,146.8273359449672
-37.15433433255545,146.82730306475148
-37.15469554030862,146.82684321483637
-37.155000553741466,146.82638643353948
-37.15527714861481,146.8261554670124
-37.155292524178414,146.82619238735973
-37.155309173777674,146.8262042144496
-37.15530831479547,146.826232299795
-37.15533548686459,146.8262095449703
-37.15530047256386,146.82620956908926
-37.15526896323116,146.82619022529798
-37.155233502069336,146.82615412089262
-37.15519764366448,146.82616340668085
-37.15519570194936,146.82614434425426
-37.15522867440123,146.82612284755183
-37.15525917193708,146.82612463651017
-37.15526027404061,146.82616306505503
-37.154879012109625,146.82582285263288
-37.1545382226222,146.8253433672952
-37.15414078646045,146.82490773934256
-37.15372573219371,146.82463894670843
-37.153285242324266,146.82444939480825
-37.15293316080461,146.82439528281245
-37.15292459419502,146.82441468468932
-37.15290604147206,146.8243967576724
-37.152927824322305,146.82436749858877
-37.152930244489134,146.824342400144
-37.152500305581846,146.82409462908242
-37.15207132137983,146.82399002015745
-37.15210802990194,146.82401903646533
-37.15210931481047,146.82399681155874
-37.15210654938709,146.82398799744155
-37.152336546811206,146.8234912078859
-37.15586603881816,146.82404259162732
-37.15880013929995,146.82471151398184
-37.16168988780752,146.82521898782215
-37.16485087580636,146.82543512838583
-37.16705446140821,146.8256668915323
-37.16772568588514,146.82773496554742
-37.167910831783296,146.82828190117303
-37.168063025169054,146.82872166862686
-37.16812429797342,146.82928856599415
-37.16812092689742,146.82977021846258
-37.16821541983682,146.8301791415637
-37.168360654866966,146.83054880392652
-37.16863216181125,146.8309771193037
-37.16895838066342,146.83135917076748
-37.16914615027388,146.83165770966272
-37.16930100676647,146.83195942039288
-37.16926503027761,146.8319706335018
-37.169274405825654,146.83195554920673
-37.169305440304946,146.83192700737683
-37.16933668002569,146.8319245178022
-37.169377181182725,146.83148324630187
-37.16922619562264,146.8311453231686
-37.16899269426414,146.83071083827969
-37.16878198879606,146.83012666688347
-37.16686165101469,146.8262759278753
-37.165445454855615,146.8226210217912
-37.163920218622714,146.81917447221272
-37.16280335690564,146.81585020258848
-37.16014790751818,146.81567880121696
-37.159812776871846,146.81565681663332
-37.159353857834354,146.81560863275735
-37.15936081131234,146.8155692231419
-37.15933409138781,146.81554520112002
-37.158931519585096,146.81570028363038
-37.15850999809791,146.8157871809012
-37.15815660660717,146.81588766152078
-37.15816029427887,146.81586722586954
-37.158170001180245,146.81583240710518
-37.157852210200225,146.81531992324494
-37.157577365561785,146.81502531389953
-37.1574397402832,146.81464886729688
-37.15733302855307,146.81427484740456
-37.1572747061181,146.81387367915084
-37.15733888758914,146.81329766108203
-37.157399827718464,146.81266601461394
-37.157380202057475,146.81213862053593
-37.15738761754352,146.81159910035637
-37.15727811134717,146.81101360018326
-37.15727829758512,146.81059590282592
-37.15717925040442,146.8101633977136
-37.15712370094415,146.80977853714617
-37.15702814988862,146.80934207948633
-37.15680987207576,146.80893305306947
-37.15456689815816,146.80521512761024
-37.15241904990967,146.80200313627677
-37.15017531329119,146.79811856581603
-37.148700037799344,146.7951669604956
-37.14742258536921,146.79247279442615
-37.146688005425474,146.79065191819558
-37.14617801626278,146.78911969901435
-37.14481788932053,146.78863956114947
-37.14456038168055,146.78851334092514
-37.141712924016566,146.78776675641055
-37.13800688037514,146.78637797859685
-37.136696587080294,146.78211398474713
-37.13535628290944,146.77845794282837
-37.134184939898994,146.77539911374188
-37.133158368354685,146.77311670605476
-37.13300198434328,146.77261004759706
-37.13282612241074,146.77206985968286
-37.13264581838481,146.77172843363655
-37.1324388290412,146.77125477691695
-37.132243416467844,146.77074209433474
-37.131868707235455,146.77053018228557
-37.131523359292736,146.77047778947497
-37.12818293435693,146.768942004401
-37.12515494111481,146.7671446203556
-37.1225317716113,146.76530745115568
-37.12006964227844,146.76330507582702
-37.117723227833196,146.76145425252614
-37.11626306150313,146.76003491827979
-37.1150701841001,146.75883346924638
-37.11396166587456,146.75759096571568
-37.11358648158421,146.75741251217946
-37.11328278411944,146.75721632509973
-37.11298694351292,146.756938325757
-37.11268705144341,146.75660601896445
-37.112335611801726,146.75634404659178
-37.111839729905256,146.75622466321755
-37.11155450840187,146.7560285658731
-37.11123362995875,146.75588645666093
-37.11093850094948,146.7556776526518
-37.110608507248074,146.75528941263443
-37.110641607324865,146.75525050468994
-37.11062116786209,146.75523888538964
-37.110645028836935,146.75520296705054
-37.11068055978276,146.7552289085313
-37.110670408225815,146.75525081747736
-37.11070259906545,146.7552264686392
-37.11069895161038,146.7552328612308
-37.1106775477636,146.75526106412272
-37.11071564564816,146.75522025308368
-37.1107539105873,146.75522027268514
-37.110670665761255,146.75485629465285
-37.11060798688819,146.7542492593452
-37.1105801963571,146.75422606988744
-37.110543695218134,146.75424115315386
-37.11051338779209,146.75424152720498
-37.110526466840135,146.75424248125182
-37.11077875552928,146.75378158664563
-37.110777236179,146.75378125187208
-37.11075704547384,146.75376939713527
-37.110759439667184,146.75378013874257
-37.11073421088887,146.75378807256303
-37.11071931270466,146.7537836295344
-37.11068982855056,146.7537586328444
-37.11071179558734,146.7537504289359
-37.110706872360254,146.75374175911398
-37.110563740273804,146.75315252211107
-37.110571015431965,146.7527542371831
-37.11054868448921,146.75211168680656
-37.11036458581781,146.75161381073755
-37.11036537579454,146.75161547287078
-37.110364307633375,146.75161139094845
-37.1100898600031,146.75133023083194
-37.10994299183439,146.7509390162641
-37.109745034841026,146.75064282760553
-37.109495911459916,146.7503285390459
-37.109185249407346,146.74992201453296
-37.109230559984994,146.74929347773755
-37.10931581946098,146.74871228106534
-37.10945191718676,146.74825101889795
-37.1109110008634,146.74509831296453
-37.11456927126584,146.7450937984785
-37.11491195511049,146.745077861103
-37.11530152211828,146.74505074291318
-37.11581408519463,146.74491120958595
-37.116239480317596,146.74490272021094
-37.11668655067916,146.74508610531834
-37.11708122776475,146.74507653139162
-37.117071634775954,146.74508549055778
-37.117101263614465,146.74511163954472
-37.11709242895554,146.74511540875773
-37.11707538934799,146.7451002343644
-37.11710604335693,146.74508701785575
-37.11712783662837,146.74512159995862
-37.11711942697512,146.74513497884973
-37.117111471563796,146.74515576015654
-37.11745540241753,146.74484575678835
-37.1178623385113,146.74455326441677
-37.118307663898456,146.74427514800607
-37.11833167799031,146.74370854511577
-37.11832024934561,146.7436804704691
-37.11830154188023,146.74368320021506
-37.11833773381665,146.74370932845886
-37.11833726758638,146.743701684192
-37.11835858860083,146.74369100496958
-37.11832250717079,146.74370144729446
-37.11831495648861,146.74369030651812
-37.118350369346196,146.74365155916087
-37.11831875767754,146.74364136111217
-37.11833100108487,146.7436391302289
-37.11832162411965,146.74362545580985
-37.1183228293129,146.74366238112086
-37.11828519070917,146.74362798823512
-37.11824701326214,146.74361922781245
-37.11825091158575,146.74358120209294
-37.1182790337555,146.74360164000169
-37.11830001049997,146.7436208150343
-37.11830053509866,146.74362112103154
-37.11833303518478,146.7436529161318
-37.118338053332685,146.7436447220913
-37.11831378572994,146.7436802005763
-37.11835234045151,146.743685600345
-37.11836465031245,146.7437170061174
-37.11835354010205,146.74372150474443
-37.11832839103629,146.7437092867662
-37.11835936118463,146.74374861739184
-37.11837911907088,146.7437628652013
-37.11838310913579,146.74374716676436
-37.11836863013989,146.7437840922975
-37.11840184303923,146.74377842216464
-37.11837322703898,146.74378695771819
-37.11838716595594,146.74380539177153
-37.11841674546415,146.74377898440142
-37.11844097900532,146.74375885511685
-37.11840369342055,146.74372126741838
-37.11842691434399,146.7437053856789
-37.11839435043854,146.74370888362193
-37.11838927821598,146.7437294170386
-37.118371139219946,146.74373517324864
-37.11839826310974,146.74370000954931
-37.118392853383654,146.74369914022105
-37.11836881825356,146.74369836069863
-37.11835298449916,146.74371463151866
-37.118363517326785,146.74372347807153
-37.118337168343416,146.74376055044505
-37.11836278284907,146.74378973341663
-37.11818956821426,146.7431908297863
-37.118196994376724,146.74273706210087
-37.11820053631055,146.7422159912142
-37.11836760496864,146.74164491430213
-37.1183978191008,146.74115988548093
-37.12024679985455,146.73738616744612
-37.122725506331804,146.73453101927646
-37.12554117005574,146.73124363249903
-37.12755036618724,146.7283229705697
-37.12906488135817,146.72590097994157
-37.129482831044825,146.72552442225006
-37.12980027725197,146.725201367992
-37.1297790537072,146.7252294129966
-37.12977370846178,146.72525856208543
-37.13024195759559,146.72553103903246
-37.13061772226068,146.72562251527435
-37.13096504012477,146.7256813213727
-37.131459920191176,146.7256662788891
-37.13194029685197,146.72579443259838
-37.132338402308,146.72600726781445
-37.13279422117385,146.7262269516768
-37.133271893710265,146.72637336320065
-37.13356241561395,146.72656422825193
-37.13682878320587,146.7291760759418
-37.13708784703798,146.7293729955041
-37.137208461452396,146.7299669981717
-37.13739874232344,146.7304503138532
-37.1374360215191,146.73102598468492
-37.1375201548462,146.731394328513
-37.13757043186424,146.73193690136918
-37.13753932996657,146.7324852052553
-37.13746539302706,146.73296969300364
-37.13744559767524,146.7334178251587
-37.13729646850431,146.73376580123886
-37.13714353110821,146.7343416290047
-37.13709226698466,146.73484067140865
-37.13704949619716,146.73534499467328
-37.13709530551304,146.73577624546851
-37.13778218382217,146.74015879096325
-37.14003974643262,146.74276877762136
-37.14039408652682,146.7431117239959
-37.14072570941382,146.74333812495678
-37.141154967863855,146.74347755747172
-37.141541939270724,146.7437661058099
-37.141971756407884,146.74402995235818
-37.14238791044774,146.74418568163412
-37.142799066275415,146.74430856372166
-37.14311208310184,146.74443340205042
-37.14347745676362,146.74458292288375
-37.14391865112479,146.7447626981708
-37.144355138838435,146.7448243847932
-37.14717478431104,146.745529887182
-37.14762481545223,146.74574867194622
-37.147934554317246,146.74585199231439
-37.14833244861734,146.7460228480799
-37.148671085314525,146.74604060151293
-37.148998919098695,146.7461545290735
-37.149514715071675,146.74624173353453
-37.1498927258518,146.74642701748715
-37.15023555151599,146.7465016008761
-37.150260941007296,146.7464897692419
-37.15029244845358,146.74651109241805
-37.150271626377176,146.74651674508897
-37.15027077639555,146.74649910592822
-37.150279231934135,146.746461043511
-37.15028717107907,146.7464804674938
-37.150266844149975,146.74649787147823
-37.15027009916971,146.74653519249546
-37.150250789783186,146.74649708711922
-37.150274762586484,146.7465329767116
-37.15068954092445,146.74615016914913
-37.15065303875176,146.7458127852003
-37.150514605559536,146.7454893824828
-37.150258966498704,146.74501861640636
-37.148568638438775,146.74184061241897
-37.146555440486274,146.73790763178573
-37.14485137789423,146.7337943671837
-37.14323440999372,146.73056887791589
-37.14315913907322,146.73012215177855
-37.14306517751093,146.7295437074107
-37.14297635421434,146.72905662612385
-37.14299834356654,146.7290772309542
-37.142708542895726,146.72881216945805
-37.14239683107873,146.72850977910423
-37.141954580309374,146.72820199533865
-37.141551730679545,146.72791483668806
-37.14156707827488,146.72792418297422
-37.141551241691346,146.7279587420845
-37.14158614090095,146.72797240287102
-37.141615108885475,146.72797380319153
-37.14164558441645,146.72796997571166
-37.141647980893666,146.72792974520857
-37.141699125793274,146.72749176485655
-37.14164959595321,146.72706091995383
-37.14172583560212,146.72651737940927
-37.142354009471966,146.72253006049317
-37.14250917451551,146.7188546785448
-37.142411229671744,146.71409712638996
-37.14241407203126,146.7099751118915
-37.14270132917151,146.7070308836253
-37.14263461385855,146.70658589964472
-37.14241830959965,146.702486531769
-37.14235977750028,146.69877461593833
-37.14246005760618,146.69827024684838
-37.142683476066026,146.6978754414058
-37.142948741045366,146.69750424397873
-37.14316567791152,146.69711882089138
-37.14340022536642,146.69658079754748
-37.143360852906305,146.69660979708445
-37.14335137732433,146.6965986774378
-37.143721608266695,146.6966497904563
-37.14416823564808,146.69662977874734
-37.144500219062756,146.69670984113856
-37.144970210389246,146.69677600898254
-37.1453241641903,146.69689101223204
-37.14570270437609,146.6970618731879
-37.1459989455223,146.69734927443076
-37.146292821737795,146.6977287843315
-37.14859852396964,146.70149296060583
-37.150487222475924,146.7049631241344
-37.15218713433756,146.70877813716038
-37.15335533532021,146.7121444871055
-37.154074395570554,146.71506926211987
-37.154529107245246,146.71763666590581
-37.15483299240927,146.71937799865157
-37.155063632745915,146.7212594885464
-37.15514925095889,146.7216049949771
-37.15627094035711,146.72587886851724
-37.15732300339107,146.72945942346607
-37.15872557199539,146.73318012512536
-37.159751555524956,146.73616539042325
-37.16108324061185,146.73877185988724
-37.162401143059,146.74070569916375
-37.16305749401862,146.74202925137465
-37.163919994642335,146.74360289596783
-37.16377071369417,146.74382533035777
-37.16158726712347,146.74675134129856
-37.161370763156384,146.74711381371367
-37.16126922885665,146.74746812837367
-37.16083777234666,146.74776377814317
-37.16085129110807,146.7477652850869
-37.16088682035045,146.74775662062726
-37.16092842206517,146.74822457073464
-37.16096363257159,146.74875166793865
-37.16095073681653,146.74915650349317
-37.16093224682257,146.74977031678725
-37.160915285635376,146.75016039809879
-37.16088991133418,146.7506065428217
-37.160918579231875,146.75101177262124
-37.16097204366827,146.75151023629945
-37.160918999982115,146.75191582253183
-37.16105904430444,146.7523638186218
-37.162407016765826,146.75595832604225
-37.163988602611724,146.75997001475406
-37.16558555059531,146.763783792877
-37.16707123800675,146.76701817503567
-37.16925782771928,146.76875013244452
-37.17063863984111,146.77005787277722
-37.170928856850345,146.77025762882894
-37.17135576580642,146.77047991091658
-37.17177673116153,146.77076432421558
-37.17212265143922,146.77101856039886
-37.17231779424182,146.7712758327386
-37.17231047185186,146.77127878819425
-37.172342996128116,146.77131613845685
-37.17238341545316,146.771293378169
-37.17239248830092,146.77125954427783
-37.17237432813204,146.771243926064
-37.172406460654834,146.77123889117811
-37.17282414613431,146.7709474165428
-37.17331872061573,146.77101253212058
-37.173817123165996,146.77115012874586
-37.17411505098217,146.77126361110842
-37.1744440843608,146.77139555799553
-37.1744451265581,146.77141425522396
-37.17445227906158,146.77140499894992
-37.17443313268723,146.7713824945106
-37.17446847710528,146.77135848127236
-37.17446909564399,146.7713545301605
-37.17446099704557,146.7713833366085
-37.17447094168172,146.77139561859312
-37.174450251647364,146.77136379089728
-37.17441090611835,146.77134539038775
-37.17440959503033,146.7713826888676
-37.17438278352143,146.77134739769122
-37.17436396727132,146.7713588938428
-37.174354852278746,146.77136839945655
-37.174333316895805,146.7713513621225
-37.17435849701642,146.77132386957496
-37.17434288470935,146.77135965535408
-37.17431758113101,146.7713878718805
-37.17432369438132,146.7714193894035
-37.174313779299155,146.7713953732512
-37.1743062377806,146.7713830535507
-37.174315857899124,146.77140632709606
-37.1743366055025,146.77142764068327
-37.174320447963574,146.77144060686896
-37.17429421382567,146.77147534327815
-37.17427164973575,146.77148704769354
-37.17428897872585,146.77146097606223
-37.17430734153538,146.77144995551362
-37.17432192297591,146.77148885239706
-37.1743234285688,146.77151448920512
-37.1742992120821,146.77152897533531
-37.17426217356792,146.77149332273135
-37.17423335389073,146.7714740437822
-37.174227514256984,146.7714403959139
-37.174198610864906,146.77142135578663
-37.17422746325943,146.77139739766707
-37.17424890402588,146.77142292181077
-37.17431263417735,146.77091972699225
-37.17445976936996,146.77046271626844
-37.17462870944044,146.76995170782547
-37.174807563409466,146.76938858098882
-37.175910121509546,146.76553250406477
-37.17674525841651,146.76196081712828
-37.17725463107611,146.75812935484242
-37.1774460416093,146.75431423320762
-37.17754902199201,146.75366110136204
-37.17786835411745,146.74907454752017
-37.177684230321766,146.7447610583794
-37.17799343146034,146.74052707946717
-37.17863539974237,146.7374591510092
-37.178655648885616,146.73706454750084
-37.178744031197645,146.73663665220084
-37.17950436982746,146.7319206482262
-37.1802001190245,146.72828469881057
-37.18057205620345,146.72435049611505
-37.18067110462508,146.7237180794674
-37.18069172664735,146.72369880170868
-37.1807030065445,146.723692937619
-37.180672317989,146.72372842855847
-37.18067604024882,146.72371829820284
-37.18067831291753,146.72374287315805
-37.180681100459246,146.72375872875224
-37.180697624551996,146.7237951942982
-37.18065949098071,146.72439739404467
-37.18057769437538,146.72487947417835
-37.18063426974925,146.72544587257073
-37.18056183256556,146.72591334226735
-37.18050425554798,146.7263999324797
-37.18037181954658,146.72697286021378
-37.17999058808434,146.72699486396058
-37.179631570832946,146.72697242217734
-37.17912893315292,146.72678945602215
-37.17886853869495,146.72656518824508
-37.17847534582991,146.7267393933496
-37.17819928582462,146.72685377575505
-37.17818454821295,146.72683898758902
-37.178153462208925,146.72682567724505
-37.17813241124937,146.72685705055565
-37.17814712317211,146.7268521594037
-37.17810696696512,146.7268853275933
-37.17809393664222,146.72688598096175
-37.17809132996522,146.7268781205601
-37.17806509762424,146.7268894251473
-37.17805723214593,146.7268900932091
-37.17807517036148,146.72689380676513
-37.17783147888179,146.72739753667483
-37.1775810333787,146.72770374010153
-37.177572544323034,146.72767798616832
-37.17755468563652,146.7277056348026
-37.17755321826597,146.72771602850065
-37.17754323389128,146.72772769417807
-37.17755440150999,146.72814425604975
-37.17767102064164,146.7329871263619
-37.17679251634579,146.73659310912097
-37.176115004351,146.7403021632493
-37.17519668575048,146.74390152130468
-37.174654901962114,146.7471569126386
-37.17435480176181,146.74939775204868
-37.17435874631945,146.7498596834448
-37.17433028674658,146.7498364065116
-37.17443667489181,146.75023474712566
-37.17458881441485,146.75065017642396
-37.17487818876737,146.7510355524458
-37.17508059164575,146.75147467654034
-37.17515410604141,146.75185586950371
-37.175366540405136,146.75241168971343
-37.175507923371235,146.75282447035124
-37.17551596150582,146.7534080133723
-37.17554675038112,146.75771165919159
-37.17549401465504,146.75823365511357
-37.175384788199196,146.76304670918083
-37.17547451709483,146.7634100169226
-37.17560072717409,146.76386462408294
-37.175937084576184,146.76437907782784
-37.17620463331635,146.76476871660287
-37.17618372490901,146.7647978245667
-37.17622174270819,146.76481965195546
-37.17624952683751,146.76481074145113
-37.176689542708516,146.76487678624113
-37.17980642904875,146.76584524548866
-37.18029682619358,146.76596879361736
-37.18407734567416,146.7670573110878
-37.187418873539436,146.76775766046816
-37.191033113878056,146.76894189320637
-37.19360087088313,146.76928057501576
-37.195811884877834,146.7695438699651
-37.197576491817706,146.76998813059606
-37.19894681287989,146.77036383822818
-37.200299988241056,146.77100360335635
-37.20048658032355,146.77108446868914
-37.202955844863,146.76912759161334
-37.20603950042229,146.76733855949243
-37.209311962407504,146.76557190462188
-37.212302413474795,146.76437932816427
-37.21487708865002,146.7638191789456
-37.21669926044978,146.7631877862503
-37.217782034496466,146.7626541260165
-37.21879458177021,146.762019502249
-37.21901562984815,146.76189269602762
-37.221758110437875,146.7601846801444
-37.22456046073794,146.75868245582114
-37.22803405277113,146.7569367970499
-37.22833248343996,146.75666125848753
-37.22875256576128,146.75636573369053
-37.22906264634374,146.7560300368959
-37.22940416330732,146.75573444856323
-37.22973561256877,146.75556764250615
-37.22970747696083,146.75555499733775
-37.22970646706287,146.75556375541709
-37.22967421630409,146.75558001588075
-37.229692258206,146.7556050852195
-37.229697309748474,146.75562345201934
-37.2296819624869,146.75561093618077
-37.22945873364011,146.7553962710499
-37.2291574512688,146.75521765530746
-37.22912474999531,146.75521111252294
-37.229103890904476,146.7551941626337
-37.22870168849106,146.7550718007489
-37.22820313497523,146.75497144326886
-37.22486245637614,146.75468549881157
-37.22157624607872,146.75424290292784
-37.21794174736374,146.75309713723348
-37.21512973284876,146.7516325209604
-37.21313003613443,146.75053138179322
-37.21127224834611,146.7492936632832
-37.210152732332595,146.74867031919632
-37.209086925284524,146.74794959038164
-37.20884095090392,146.74780583237433
-37.20531617988026,146.74579251470217
-37.20186905937197,146.74415978838502
-37.19878905251352,146.74224124590077
-37.19622314613769,146.74009939872514
-37.19592623595479,146.73974310082735
-37.19556540011053,146.7394527230839
-37.19515294613717,146.7391309064873
-37.1948448611186,146.73900616014626
-37.194560001725186,146.73888392828988
-37.194531981421655,146.73887029566495
-37.19453601973805,146.73887709220966
-37.19456291073748,146.73883510223644
-37.19455538914139,146.7388199419377
-37.19453703976767,146.7388004282891
-37.19449944088076,146.73878122665363
-37.19438567908723,146.7382759682257
-37.19442005013176,146.73788563711534
-37.19441296883485,146.73731284203132
-37.194566837990244,146.7333342444228
-37.1929436148986,146.73017945686917
-37.19050577806331,146.7264474408604
-37.1884780232265,146.7240873119373
-37.18704241011578,146.72213408295892
-37.185020579138126,146.7226279330205
-37.184679632696984,146.72259275684604
-37.184704445896834,146.72259278317338
-37.184484073242864,146.72227134523433
-37.18190762064682,146.7188210093911
-37.178821564122266,146.7185480601243
-37.17548138771509,146.71812580831758
-37.17284464162317,146.71733529351513
-37.17071101782826,146.71650970731108
-37.168865173304255,146.71532901230816
-37.167586088634415,146.71437919026494
-37.16665614761926,146.71346768329232
-37.16642192804675,146.71330252824706
-37.16344524110423,146.71178581394489
-37.16019019915155,146.70987439376293
-37.15658380426243,146.71003450334072
-37.15414237116015,146.71256776646965
-37.152224950074384,146.7148580106264
-37.15115789318036,146.71659064584327
-37.15091204735402,146.71706162524768
-37.15094819155787,146.71706346348543
-37.150915398667365,146.71707397468398
-37.15095091784122,146.7170814716458
-37.150985675154196,146.71705160732026
-37.15100596626934,146.7170381356681
-37.15097394168334,146.71707133309613
-37.15094443740743,146.71704221536558
-37.15092139696753,146.71701183419302
-37.15089340441249,146.71700950612217
-37.15092114993036,146.71702686047888
-37.15093927721216,146.71700349810877
-37.150917089140265,146.7169825535915
-37.15095560003019,146.71701642492164
-37.150986256277385,146.7170499115048
-37.15102469134063,146.7170313556453
-37.15070326345774,146.71742528601203
-37.15049218433679,146.71787011167223
-37.150181718477,146.71831097462479
-37.148162210118166,146.72193990393154
-37.14593919606676,146.72554850902787
-37.1457475475786,146.7259993752927
-37.14574294572814,146.72602150635007
-37.14578184391417,146.72602980537582
-37.14579599233967,146.7260219067885
-37.14582328940144,146.72603370110048
-37.14598466809696,146.72641700065137
-37.14611876695038,146.7268034672712
-37.14639646953391,146.72719197043475
-37.14640754328009,146.72720399263108
-37.146428042568864,146.7272191385349
-37.14641212873035,146.72718261582284
-37.14638556493031,146.72714747568364
-37.1463667020001,146.7271272603886
-37.146395872213795,146.72716339657853
-37.14641779211874,146.7271666585531
-37.14668317164347,146.7275346934738
-37.1470857602522,146.72796215355163
-37.14756610250584,146.72818719599826
-37.14784350532139,146.7284594874375
-37.148199003889665,146.72890206684744
-37.14840254414927,146.72923462861687
-37.148517424648226,146.72972706631487
-37.14856256199537,146.7303806149474
-37.14872040983223,146.73084187616362
-37.14874958488918,146.73128929385254
-37.14962700474379,146.735873614469
-37.150542078692084,146.73984955138755
-37.15129063222747,146.74378740227263
-37.154087375079996,146.74591269759847
-37.15577843166302,146.74722653207147
-37.15743843171291,146.74842757230826
-37.15794603081705,146.74862762902896
-37.15844835618364,146.74881614703827
-37.15874915294667,146.74886997126245
-37.15910491113654,146.74905220501324
-37.159355172935655,146.7492492293532
-37.15959790278115,146.7494893815383
-37.15988026549383,146.74975715671292
-37.16013299189061,146.75004007164063
-37.160470356124584,146.75029611948895
-37.16046016843577,146.7503245499559
-37.160454486523506,146.75031948397432
-37.16079318608242,146.75046373881978
-37.161203970805055,146.75067001075197
-37.16163669793039,146.75080783853835
-37.16161744089815,146.7508313213913
-37.16176397238373,146.75142369052045
-37.161823850368826,146.75183296722915
-37.16183521398075,146.75225102848094
-37.16187353567378,146.75268849041086
-37.16196449366656,146.75305976428797
-37.16217971992059,146.75353203176934
-37.162431296725714,146.75383087713143
-37.16264704125923,146.75424567957972
-37.162878248248745,146.75477120262528
-37.16334489010804,146.75485136708704
-37.1638071598668,146.7550311191115
-37.164138964779355,146.755072979814
-37.16451914822328,146.75508707400388
-37.1646466842413,146.75564836192655
-37.16462319818509,146.7556493932246
-37.164659123823924,146.7556452906552
-37.164679060544266,146.75561075103883
-37.16470187471865,146.75561081341394
-37.164667596621214,146.75562417254906
-37.16467800267031,146.7555868017245
-37.164701699472616,146.7555922614898
-37.16426021518631,146.7556568494123
-37.163994658309775,146.75574660862188
-37.163538452478036,146.75571425104414
-37.163049659988374,146.7557547082065
-37.16261966590974,146.75573957022533
-37.16220131002155,146.75572291343798
-37.161890071542565,146.75571963582115
-37.1615186740389,146.755727950732
-37.158009541359995,146.75569495161045
-37.15481054306031,146.75619081893663
-37.15115061535038,146.75604688708682
-37.149417999967596,146.75906067015848
-37.14801047142578,146.76178931246
-37.148805282985236,146.76408322485057
-37.149247373924,146.76553142624277
-37.14977349197722,146.76721847615428
-37.14986014908693,146.7675501388943
-37.150569467273876,146.77161280696674
-37.151648179206795,146.77524902739333
-37.14948500901027,146.777630346897
-37.14776483597286,146.77997474323408
-37.146231961076154,146.78253605755233
-37.14424615855836,146.78222733227068
-37.143827211801096,146.7808881406245
-37.1433827558626,146.77917621312682
-37.143316047701354,146.77891029460326
-37.14211966177526,146.77443753351483
-37.13954066337903,146.77305312161323
-37.13683826424573,146.7711566378
-37.13654622076598,146.770970117991
-37.136136205286434,146.77067841854833
-37.135885444230624,146.7703629757305
-37.135586917720936,146.7698952169166
-37.13535166272591,146.76942963055953
-37.13523555546772,146.76911221560752
-37.13513012336915,146.76871355433786
-37.135110459366715,146.7682610812902
-37.135012036848224,146.76770018960795
-37.13501242693269,146.76716754020265
-37.134991840942085,146.7666271686212
-37.13497963266288,146.76603258964104
-37.13488566284642,146.76564371038958
-37.134775783176494,146.76522993081002
-37.13355332971976,146.76082077268953
-37.133497565417876,146.7603403138063
-37.13345585347273,146.75973032283613
-37.1331934946194,146.75541804521578
-37.1334041612438,146.75139569429174
-37.13026984049999,146.7495966488802
-37.12988616422157,146.74941095997468
-37.1295507657573,146.74936821288625
-37.12909103766544,146.74952746613502
-37.128624084121356,146.74962889635418
-37.12832264588175,146.74966789777307
-37.12793580539355,146.7498270969361
-37.12751884442576,146.74989426338374
-37.12399989406644,146.75102123865693
-37.12140315936577,146.75253828019999
-37.117993612479886,146.75346440579253
-37.11544718118827,146.7541415385872
-37.11335259671554,146.75453847604624
-37.1114044357303,146.75483885243656
-37.11022924178025,146.75514932307792
-37.1088347178851,146.75590927176458
-37.10860511444219,146.75609051955794
-37.10546249495406,146.75869379779635
-37.10285500032439,146.76043645862225
-37.09961087271095,146.76244977453723
-37.09794465601023,146.76575751495352
-37.097630779810146,146.7662446333445
-37.09751099004529,146.76669993170538
-37.09735717776553,146.76719398210935
-37.09724797917103,146.76780228586006
-37.09714150508676,146.7683598374954
-37.09718479230132,146.7688859004832
-37.09707567651614,146.76952536411386
-37.09705747942849,146.77011890359907
-37.097027376065924,146.770670821186
-37.09696682345186,146.77113655884247
-37.096932646713995,146.77168292771637
-37.09695530082964,146.77166130279028
-37.09724917090188,146.77199503778255
-37.09764388360502,146.77230081453519
-37.100386757310964,146.7742020943082
-37.103223835445874,146.7763592828568
-37.10590205619871,146.77802291087266
-37.108396076585706,146.7797869684697
-37.110451644165344,146.781199880316
-37.111937890814666,146.78223984417934
-37.113012803047695,146.7828661949813
-37.114325877854725,146.7836122270069
-37.11454404726031,146.78385481697447
-37.11491524610439,146.78404339842606
-37.115258690849444,146.78416137620277
-37.11563265917657,146.78398696529788
-37.11774574962056,146.78137192834558
-37.12103278837083,146.782582017599
-37.12372987320262,146.7841540947355
-37.126373406581905,146.7858717321875
-37.128533643272924,146.7874165253934
-37.13001121225242,146.78861091842407
-37.131208584602255,146.78806701410076
-37.132661056417476,146.78889575752598
-37.13288281455836,146.7889473772844
-37.135836040484115,146.7899675258766
-37.13967583851071,146.7906630127724
-37.14237961231526,146.7938533389188
-37.14475808528677,146.79634549467292
-37.14626313910196,146.79799599582
-37.14774829098571,146.7991639347408
-37.14903974261294,146.79996497398088
-37.1501721583282,146.8006782183865
-37.15037408809241,146.80086361834654
-37.15307345558882,146.79876108540827
-37.15573168040612,146.7960584565012
-37.158150306619966,146.79292673182613
-37.15968329501813,146.79028579119213
-37.161891397054134,146.78930841088885
-37.1634255042487,146.78824059097857
-37.16451856091779,146.78770364921374
-37.165894109977025,146.78702238590427
-37.166143449736474,146.7869645015141
-37.169108802685635,146.7862664851465
-37.17280172228535,146.7847957796196
-37.176086153625356,146.78291371813833
-37.17871289727035,146.78160133494217
-37.18051279508868,146.7803658131476
-37.18095537576468,146.77819258276037
-37.1814933299152,146.7765088952667
-37.1819353185358,146.7749914777167
-37.18205432043679,146.7746461037014
-37.183609896225185,146.77145234784192
-37.18480204001923,146.76818167989984
-37.18657741163428,146.76450221577298
-37.18786543930951,146.76187520547853
-37.18871948964273,146.75964682125831
-37.18981007807668,146.75763989941595
-37.19053425494254,146.75591686256936
-37.19144568209387,146.7543397949391
-37.19161983028412,146.75409422346397
-37.19481858046695,146.754491155884
-37.197578690584756,146.75778237189428
-37.20070374407861,146.76055090172284
-37.201076146814984,146.76096521810948
-37.201368199638246,146.7613090486853
-37.20161325076991,146.7616790674717
-37.201579353109324,146.7617028488862
-37.201860055678864,146.7619359367978
-37.20223278119457,146.76216831386722
-37.20249262198875,146.76236205521636
-37.20272331501463,146.76280531628967
-37.20287660339662,146.76334051369108
-37.20300072797027,146.76388857778733
-37.20305652907593,146.7644482438935
-37.203209994962016,146.7649729174057
-37.203459211526486,146.7654612528451
-37.20369744428132,146.76578131682416
-37.203872274232346,146.76613793855472
-37.20388082217177,146.76613471650992
-37.20386097348059,146.76616970715597
-37.20382794989982,146.76613443767388
-37.20385313605135,146.7661087626465
-37.203834178036274,146.76609219480954
-37.20381937614018,146.76608139382571
-37.20384284596277,146.76609119448267
-37.20385847274265,146.76611945835128
-37.20387766688739,146.76612465035004
-37.20391132145473,146.76615087703755
-37.20393360499915,146.76612265781168
-37.203931250789374,146.76612250731816
-37.20391545330879,146.76616252853768
-37.20438446679187,146.7662223629503
-37.20468023924629,146.76632701619806
-37.20509559721568,146.7665691286968
-37.20552760908973,146.76685950537285
-37.205847577020585,146.7669547179317
-37.20612823945363,146.766971149023
-37.20966292112173,146.76736580942287
-37.213337557788854,146.76710005657543
-37.21668101688295,146.76728367934479
-37.219402204769594,146.76734894586224
-37.22152829312247,146.7671480642338
-37.223396725040864,146.76681104622193
-37.224125595060734,146.7654073294872
-37.22492124908522,146.76374117328504
-37.225038558536966,146.76317348789726
-37.22513687672603,146.7627276876255
-37.22517221821464,146.7622999164408
-37.22521420492965,146.76191317688028
-37.22532350809905,146.76147134937142
-37.22534948246265,146.76097613845033
-37.22535799798879,146.7609579804977
-37.22532129458777,146.76093425360907
-37.225343806384274,146.760907079401
-37.225373290555446,146.76091167568148
-37.22539645079431,146.7609018473606
-37.22582325824522,146.76084241391882
-37.22580722269313,146.76086208619236
-37.22577320425232,146.76088207340356
-37.22574375280652,146.76090571185952
-37.225738378039516,146.760887406725
-37.22574685430241,146.76086092903952
-37.22574935398219,146.7608877177736
-37.22574830706328,146.76087294459063
-37.22576326899095,146.76085241161297
-37.22576899503576,146.76087645495528
-37.225782246123295,146.7608552307368
-37.22576301465448,146.76088824835824
-37.225730999997424,146.7608931978478
-37.22570517661714,146.76091972086826
-37.22573114451451,146.76091642257202
-37.22573011298758,146.7609520441243
-37.225715345782824,146.7609302550905
-37.22574215145777,146.76089932790893
-37.225759557721844,146.760898390401
-37.22578123468956,146.7609126075112
-37.22603356017659,146.76067783477558
-37.22935009615792,146.75835594820333
-37.23189338564282,146.75630815712265
-37.23462801650422,146.75369738451596
-37.23688067304059,146.75142958218913
-37.23870206919819,146.74988113743336
-37.240306417633406,146.74857291738113
-37.2413460763118,146.74758974997323
-37.24258457869845,146.74664988908017
-37.24288631397845,146.74644348570644
-37.24320347266415,146.74633474994496
-37.24368848198179,146.74619518545845
-37.24713890559899,146.7448841459059
-37.25058294928192,146.74347338017984
-37.25104190307879,146.74331135371332
-37.25148994369397,146.74319323928583
-37.25190282778209,146.74317128641533
-37.252281621513816,146.7430262859104
-37.25231507193892,146.74299625660768
-37.252309442288656,146.7430088059009
-37.252343082074134,146.74299626379099
-37.25235387207985,146.74302519796538
-37.252390859949614,146.7430006899462
-37.25240172485715,146.74300981367665
-37.25240514168461,146.74301386467275
-37.252442901179506,146.7429972844254
-37.25242446651894,146.7429578654324
-37.25241635954701,146.74296449933274
-37.252381709301446,146.74294775338032
-37.252364117180896,146.74291193437855
-37.252362599033795,146.74292880384903
-37.25239116146745,146.74291882711944
-37.25242240271631,146.74290165923958
-37.252410548012286,146.74292986974663
-37.252421067230976,146.74292798845644
-37.252406483342725,146.7429569812144
-37.25242676375629,146.74299748953948
-37.25260093726526,146.74348728902308
-37.25272213441591,146.74396400695235
-37.25285957359902,146.74451861459758
-37.253108402016096,146.74507816355117
-37.253374832522226,146.7455217183205
-37.25348054528112,146.74586456998404
-37.25375319048952,146.74633249873082
-37.25388992026086,146.7468024053187
-37.25389089628349,146.74683843579123
-37.25390202818291,146.7468602841493
-37.25390730954515,146.7469000472184
-37.25377788501507,146.74743314239709
-37.25388621993222,146.74803906881056
-37.25460601607164,146.75168722189247
-37.25492441519995,146.75557941826045
-37.25568262435799,146.75924802245868
-37.25617364718445,146.76289345656454
-37.2567471572623,146.7654920992537
-37.257075515858865,146.76775906019662
-37.25714700212001,146.76919176971353
-37.25715459915408,146.77092107059408
-37.25715355997596,146.77121672084573
-37.25687571402631,146.77492825283665
-37.25669896732132,146.77867308143652
-37.256900452168935,146.782638329203
-37.2570686309434,146.7858126970914
-37.25705148146949,146.7886005779498
-37.25709549305202,146.7910506898165
-37.257189950098464,146.79274424336901
-37.2582728855951,146.79326623798698
-37.25837843635285,146.79363734037833
-37.25950881251424,146.797381207081
-37.260982696327396,146.80129369870224
-37.26251594251256,146.8052722222318
-37.26342935859223,146.80834380978175
-37.26403802431572,146.81120072276767
-37.26455125226778,146.8136572016265
-37.2648063061949,146.81422421962978
-37.265030541693,146.81464221278185
-37.26516222485609,146.81509877588945
-37.26531849615443,146.81550648914927
-37.26555422325027,146.81603141542288
-37.26589523143395,146.81637240931195
-37.266232633240456,146.81657270559035
-37.2666246904731,146.8168378298814
-37.26699620884275,146.81650794968112
-37.26733580036641,146.81629036670185
-37.26768854782719,146.81619238888285
-37.26771581172776,146.8161685468566
-37.2676841564826,146.816196452535
-37.26771465998538,146.81621593033898
-37.267739875028624,146.8161989578523
-37.267758425552536,146.81623380739498
-37.26779048037146,146.81623042706892
-37.2677923090105,146.81621787310584
-37.267773888965515,146.81624395103609
-37.26779870144416,146.81621097898966
-37.26783117748989,146.8161985922171
-37.26781709329255,146.81616446786688
-37.26784761278162,146.8161864838363
-37.26782137971268,146.81618892809325
-37.267813435779196,146.81615083720084
-37.26779439883272,146.81613730984978
-37.26781168317043,146.8161410176549
-37.267818086305546,146.81612198750344
-37.26780938812726,146.8160830604352
-37.26778377840694,146.81608201691841
-37.267785042446775,146.81604416203078
-37.26779772484486,146.81605585027003
-37.26803195528325,146.81570171721722
-37.26815257697752,146.81534414522227
-37.26830503695782,146.81478125919006
-37.26836140786102,146.81429179284694
-37.26844005898279,146.81376222276916
-37.268404883689705,146.81377725058547
-37.26839206270176,146.81376278555382
-37.268406914834316,146.81379669763706
-37.26838059401662,146.81376357625936
-37.268371407423956,146.81375626303705
-37.268330619073765,146.8137866193694
-37.26835689489592,146.8137965110314
-37.26833435044304,146.81383090930703
-37.26834397271997,146.8138294019459
-37.26834972995321,146.81380195404074
-37.26833001198432,146.81380348888035
-37.268362151997685,146.81378815694683
-37.26838158486597,146.81379507284694
-37.268346490113395,146.8138041081516
-37.26833770767375,146.81383089258077
-37.2682998682025,146.81386860570257
-37.26831389558548,146.8138610848428
-37.26831701607438,146.8138533297449
-37.268321026337254,146.81383740454845
-37.268336932271744,146.81387532806448
-37.268346415728935,146.81389746869291
-37.26837134050396,146.81392148273608
-37.268388243332986,146.8138921419824
-37.26840182902845,146.81388653581357
-37.26843562199545,146.81388461933523
-37.268418671064374,146.8138663390366
-37.268390445279096,146.81382545606513
-37.26842094982967,146.8138208690243
-37.26845705761467,146.81383318920717
-37.26842055057089,146.81383588590253
-37.268407993085155,146.81380049705004
-37.26867534849015,146.8136227487489
-37.26901672568597,146.8132761969256
-37.26934069022191,146.81300401499385
-37.26968507397833,146.81279160486832
-37.27003981867988,146.81241103895263
-37.27035985177456,146.81191603387197
-37.27066578045383,146.81158841103263
-37.270914515612695,146.81112573136173
-37.27112260402138,146.8108233934018
-37.27147337727877,146.81044492948635
-37.27164011976256,146.81005157517862
-37.27183505620481,146.80978861644746
-37.27209891111048,146.80938101429038
-37.272364741361635,146.8090458401541
-37.272393203956504,146.8090841155783
-37.27239437653777,146.80909027585307
-37.27242459890807,146.80908413458042
-37.27243315778557,146.80909609933255
-37.2727150055853,146.80876648866501
-37.27306841932086,146.80830831894176
-37.27338659802709,146.8083130948947
-37.27377195575848,146.8082159653881
-37.27716675816272,146.80675478325648
-37.279842080246326,146.80508858034125
-37.282899608348764,146.8024150673185
-37.284870124844296,146.8007154783302
-37.285252264822105,146.80024654300945
-37.285422742812955,146.7998887121482
-37.28559791807921,146.79955573880324
-37.285833203464115,146.79899448400383
-37.28596634750952,146.79856325317527
-37.28618175004185,146.79804469383868
-37.28766726203859,146.7948218963758
-37.289974961023965,146.79087152029268
-37.29177754342204,146.7867116059262
-37.29195208791159,146.78623859708475
-37.29202180588528,146.78582541347154
-37.29217092523222,146.7852714858578
-37.29221471255644,146.78472232522552
-37.29224016531697,146.78471490096894
-37.29224954773842,146.78469106235977
-37.29228798193596,146.78466993314214
-37.292249634179164,146.78465894608138
-37.29226823510619,146.78465675695364
-37.29247724772334,146.78411412074638
-37.29226757669475,146.7837286451236
-37.29204239595153,146.783207306352
-37.29180009206556,146.7826776389709
-37.29182594467983,146.78268707640694
-37.291812342754284,146.78264656029896
-37.2918099568576,146.78268082377937
-37.29177324590757,146.7826452735177
-37.29143718185432,146.78311487794133
-37.289199331800226,146.78625346421026
-37.28904423494793,146.78663876185655
-37.288783223610615,146.7869279761309
-37.28843163015734,146.78714439444818
-37.288059498701614,146.7873568150766
-37.287676403481825,146.78770360637833
-37.287563121628885,146.78832711784327
-37.28758006913447,146.7887404500087
-37.28761683675941,146.78909806132864
-37.287729638334554,146.78948064685048
-37.28791740104519,146.78992630565634
-37.288165415846116,146.79027312958695
-37.2881385968283,146.79024279552524
-37.2884623458469,146.79055203545443
-37.288808416235035,146.79096809717666
-37.289101170101404,146.79143785821216
-37.28934516743882,146.7918140579912
-37.289737864279,146.79212949979313
-37.28970647782582,146.79215332757934
-37.28972901152034,146.7921855692997
-37.289696329089594,146.7922109552439
-37.29007408236555,146.79260955287626
-37.2903846269578,146.79302473813914
-37.29062208285686,146.7934695880132
-37.290736119678975,146.79398321341648
-37.29088034519044,146.7943896028624
-37.291249300630284,146.79467161782574
-37.2915008780934,146.79481396949683
-37.291748337336784,146.7950519830195
-37.29212683225448,146.7954472169255
-37.29240020833162,146.7958023163878
-37.292694851025054,146.79606953122635
-37.292908157539316,146.79627026044807
-37.29329106320041,146.79647889290243
-37.29356248581347,146.79672108702104
-37.296117547320826,146.7985413141465
-37.29952953467942,146.80071245578893
-37.30227711008604,146.8029078330471
-37.304832201604825,146.80550393806004
-37.30523366232592,146.80580578355455
-37.30556200291436,146.80618506654875
-37.3058609405742,146.80652531984842
-37.30624684221435,146.80683970468633
-37.306327545182235,146.80725787780105
-37.306331775294915,146.80777233101693
-37.30635451723719,146.80823764882285
-37.30632377884482,146.80876475425586
-37.30627150020096,146.80914137950757
-37.306144654272885,146.80953212341888
-37.30602701863657,146.81009855818374
-37.305809260736794,146.8106747823809
-37.30564221728189,146.8111556277548
-37.3054352015604,146.81163821366087
-37.30541172795971,146.81166927939395
-37.305183618106554,146.8122105079208
-37.305103331711415,146.81255372597093
-37.30513764479009,146.81252250101227
-37.305131582154694,146.81254287243408
-37.30474464605073,146.81279558763177
-37.304448458319605,146.81305713543398
-37.30408712170982,146.81351927944334
-37.30407006592662,146.81355594529694
-37.304109428142176,146.81355205921224
-37.304091404852365,146.8135693773543
-37.30410031642319,146.8135737893515
-37.30409409868584,146.81358588384683
-37.30410353902135,146.81354712630898
-37.30412262427567,146.81353549325937
-37.30414198586904,146.8135078790129
-37.304120695329786,146.81348549698302
-37.30388055171997,146.81311904654112
-37.30167513017637,146.80967924132491
-37.299200486878625,146.80645810542183
-37.29675991665959,146.80416528556697
-37.29418249902762,146.80230647673605
-37.292331340183715,146.8009960644849
-37.29075434026159,146.80015888016516
-37.29025390326981,146.8000837094941
-37.289871984107364,146.7998030824052
-37.289517884352996,146.79947699005572
-37.28905257013254,146.79921065010242
-37.28863600290804,146.79881784476618
-37.28830264385083,146.79867856062305
-37.28831125461225,146.79864930878762
-37.2883129995113,146.79861584665565
-37.28834753056028,146.79863817468328
-37.288351796679876,146.79861705093444
-37.288314410174934,146.7986505776316
-37.28830040369231,146.79861337318007
-37.28837920787209,146.7980266849451
-37.28838361228981,146.79798783329323
-37.28835327352291,146.79794986480786
-37.288589415634874,146.79752185213871
-37.28892541207723,146.7970842205847
-37.28924158677112,146.79669223078056
-37.28956510213168,146.7964050821738
-37.29193847432586,146.79402273870195
-37.29434009532213,146.79126073988164
-37.29686489235866,146.78838149110882
-37.299204346333966,146.78623572178148
-37.30121253184564,146.78414071631
-37.30258411054946,146.7822108225795
-37.3025129106318,146.78066126491944
-37.30226664898018,146.77880109587082
-37.30213783196503,146.77843031901446
-37.302034059773455,146.77804725874827
-37.30177459927514,146.77768362723518
-37.30152965606517,146.77740220029727
-37.301156325998534,146.77704201453656
-37.30087626857816,146.77675868275608
-37.3006779799602,146.7763827109659
-37.30034032097765,146.77594803867746
-37.2999750023582,146.77569775438073
-37.299548210643714,146.77547270123074
-37.299215650031144,146.77543235026545
-37.29891437868583,146.77547696139422
-37.29845970410036,146.77542449661067
-37.29842938047889,146.77538663216208
-37.29846214770322,146.77539511010713
-37.29849394099268,146.77541873162272
-37.29811591303223,146.775381439002
-37.29770173072582,146.77531598274976
-37.2973535017188,146.77509868221102
-37.29708244008643,146.77484213499028
-37.29673453420004,146.77467494832942
-37.29647977736617,146.77440679055147
-37.2962182438847,146.77406875404967
-37.29600883855697,146.77381799597728
-37.29573943796362,146.77350043157432
-37.295372044985136,146.77307575852382
-37.29295671590216,146.76998704230695
-37.29280058463106,146.7695871015283
-37.29262781238091,146.76917977822464
-37.292655302723844,146.7691409231516
-37.292680797257795,146.76917352871098
-37.292638925426196,146.76866927041283
-37.29256775089394,146.76817961527618
-37.29252994036444,146.76771617443805
-37.29257781667833,146.7671473121821
-37.292681078459715,146.7666753874998
-37.292850003157014,146.7662540847156
-37.29296235028739,146.765869966437
-37.29306744437546,146.76544106541172
-37.293091280698206,146.76489340196179
-37.29304007338325,146.76444882878894
-37.293051375417576,146.76394263502084
-37.293108626354595,146.76361180458179
-37.29320110461729,146.76316754474087
-37.2929146142506,146.76274808639474
-37.2927300179273,146.7625137861091
-37.29249283105686,146.7620547590133
-37.29241353563197,146.76167232445323
-37.29234620886776,146.76120277756158
-37.29220625923689,146.7606064899576
-37.292148283294146,146.7600743674722
-37.29207465169285,146.75960961705104
-37.29194751223755,146.75902474566558
-37.29180203615257,146.7586485457201
-37.29164685225986,146.75804891971214
-37.29159715116571,146.75753307304657
-37.29160816314663,146.75754212087008
-37.291573599077864,146.7575181238193
-37.29156250385618,146.75747767947425
-37.291581213749815,146.7570309978726
-37.29149234625033,146.75644001084513
-37.29152449223714,146.7564410399934
-37.29151363743748,146.756469689413
-37.29147684331746,146.7564389106854
-37.291455389533155,146.75644150581306
-37.291467675298115,146.75645760413147
-37.291445838485615,146.7564207924067
-37.291441732815834,146.75644164369118
-37.29146885082926,146.75640227262187
-37.2914830987928,146.75643769132353
-37.29150990694898,146.75643494385602
-37.291537492610956,146.75643626116457
-37.29156936831378,146.75641244951842
-37.29159773429568,146.75638576005107
-37.291579297944075,146.75641094522535
-37.29139320436076,146.75681352745784
-37.28980887082105,146.7608613076439
-37.28831676013606,146.7651274600556
-37.28741095627314,146.76900317404565
-37.286427050280075,146.77231150869977
-37.285618884945286,146.77496566339974
-37.28503672300211,146.7771696147936
-37.28439301566429,146.77877335675683
-37.2838004687115,146.77999162148998
-37.28363482333835,146.78026227756985
-37.28145825434851,146.78420179026716
-37.28119516959105,146.7845947171811
-37.28101113805015,146.78495991080587
-37.28087741036461,146.78551840076892
-37.28072536707998,146.7859246135226
-37.28059901177845,146.7862854924199
-37.2798679437719,146.7904619182262
-37.27957454791361,146.7952971255547
-37.27953171312116,146.79964060312867
-37.27975291226961,146.80361998068437
-37.27971503425087,146.80636054199712
-37.279726234428345,146.8084434033706
-37.279661708188215,146.80885232020825
-37.279589902227315,146.8092357608576
-37.27955797797936,146.8092770329303
-37.27954373768914,146.80924020415915
-37.2795506961782,146.809282505838
-37.27953114037178,146.80930640734664
-37.27952696063221,146.80931024257566
-37.27951443549842,146.809312279586
-37.279510663717076,146.80927406914424
-37.279545333385315,146.8092570934494
-37.2795733103803,146.80922440443192
-37.27959237106918,146.8091992711337
-37.27961486643504,146.80923901258095
-37.27983937440174,146.80984220893833
-37.28008336552135,146.81038138513014
-37.28024275040161,146.81087538734585
-37.280264944880194,146.81085121997938
-37.280116889978586,146.81122532435418
-37.27983003925111,146.81154924621237
-37.279663543376934,146.81189538712425
-37.277646680384144,146.81517831074868
-37.275141509844524,146.8184663366554
-37.27488018312367,146.8190048774738
-37.27324975471732,146.8220491400483
-37.27103702936142,146.82539802613925
-37.26912120660503,146.8280111227429
-37.26882393918571,146.8283266466097
-37.26844923645401,146.82857913589342
-37.26814778057442,146.82882870625485
-37.267744334560554,146.82887004543477
-37.26777263726637,146.82884391717997
-37.26776648703944,146.82887915325978
-37.267795196784334,146.8288808203483
-37.26777065040947,146.82885842251807
-37.26776847639829,146.82883708482234
-37.267730185237745,146.82884952168178
-37.267701350083364,146.8288731007454
-37.26768497522755,146.8288705825158
-37.26727503109051,146.82922811736995
-37.267005126886026,146.82943226969886
-37.266717331584225,146.8297099563654
-37.26630474788413,146.830025716649
-37.265968533731524,146.83024833498882
-37.265890459599035,146.8307652169632
-37.26574799946269,146.83119490844558
-37.26573063050703,146.8315998989428
-37.26557821886901,146.8319722080543
-37.26560844412378,146.831935674465
-37.26517892233679,146.83208691072466
-37.264827280499595,146.8322383737366
-37.26443698783074,146.83252311511157
-37.26135738559441,146.83428059335736
-37.2581044281842,146.836457892089
-37.25453810726222,146.83680124281764
-37.254236430442596,146.83690404409825
-37.25384275707395,146.83702949246185
-37.25353944585541,146.8371996584012
-37.25327389571452,146.83740483037298
-37.2528922622657,146.83755110834846
-37.25249367424687,146.83771638652846
-37.25206390126339,146.8378281637584
-37.25174056621836,146.83794450937913
-37.2515834584669,146.8383037956817
-37.2499576738116,146.84163503927385
-37.24971808694324,146.84191801196943
-37.24953840145199,146.84230461046852
-37.24939710604875,146.84280510950583
-37.249193043649555,146.84323190012134
-37.24903451853678,146.8435167576552
-37.24887659831693,146.84386478058144
-37.24884236214489,146.8443114321159
-37.248692178475096,146.84481577721652
-37.248475243379914,146.84536057990022
-37.24819145592318,146.84582958840704
-37.24795387028392,146.84613870819334
-37.24798633922696,146.84610602892738
-37.24802084628875,146.84611084608073
-37.24828134372523,146.84659405929074
-37.24978805005247,146.85086447138806
-37.250770149210695,146.8555254026197
-37.25134733471041,146.8595724947477
-37.25187717706448,146.8636006810384
-37.25198860982661,146.86399769993292
-37.25292001909098,146.8682791873928
-37.25334860964286,146.87220439256876
-37.253774260861974,146.87667781937054
-37.253581773852,146.88034339897968
-37.251819670830635,146.88161797210876
-37.24984971570527,146.882614080648
-37.248509032973914,146.883466917729
-37.24733301400434,146.88441436207543
-37.24705178856663,146.88457740015315
-37.24400660184161,146.88687562232468
-37.240658788593116,146.88477211258328
-37.23740018391462,146.88325541740573
-37.23475396061503,146.88255466670398
-37.232166406343374,146.88150340861338
-37.23031478891909,146.88060558342815
-37.22991644522148,146.88040269378337
-37.22993254071458,146.8804421977178
-37.22992441304781,146.88043767372432
-37.229940354186475,146.88046819124838
-37.2299703730128,146.88044458407526
-37.22966092779909,146.88058214578277
-37.22930455833286,146.880643714044
-37.228962096453536,146.8807863526273
-37.228534028963814,146.88068503834577
-37.22808060447878,146.8806085779572
-37.22768244080485,146.88041158988983
-37.22737503063896,146.88013792030821
-37.227028729406356,146.87979803922406
-37.22701757308715,146.87982711536975
-37.22699583593182,146.87984579191038
-37.22701453963996,146.87981033021836
-37.22704539178547,146.87977055526696
-37.22700648379393,146.87972989229536
-37.227027010031414,146.8797564808703
-37.22687519327527,146.87925932123622
-37.22688457233231,146.87929430074956
-37.226886858724015,146.8792844877283
-37.226873389568894,146.87925211211237
-37.22687660135383,146.87923880215362
-37.22690818369666,146.87922932953845
-37.226912893617474,146.87924100592036
-37.22693810052875,146.87926240079975
-37.22690086170466,146.87923466072
-37.22689727333875,146.87924714174355
-37.22691798061149,146.87921302392127
-37.22693468686781,146.87923304614046
-37.226913009109666,146.87926381986435
-37.226894613046284,146.87924372352563
-37.226884462842285,146.87921793254017
-37.22687198077887,146.87922727461128
-37.226881158741584,146.8792380945782
-37.22689048356384,146.8792660356712
-37.2269873524156,146.8786528478457
-37.22710135397004,146.8783240127211
-37.22712465954399,146.87829600888307
-37.22710166458624,146.87833283413366
-37.227108735619645,146.87830116779622
-37.227125267098316,146.8782962534883
-37.22713529278647,146.87827560607258
-37.22711088764228,146.87826677582993
-37.22713878549202,146.87827906560838
-37.227166342106926,146.87828392578842
-37.227060554990544,146.87787428259108
-37.226824355446034,146.87740670246367
-37.22669007286585,146.8769923954004
-37.22660173702354,146.87658047223636
-37.226958913910295,146.8763590319989
-37.226955546085506,146.87632226502853
-37.22692677607876,146.8763251487331
-37.22687117069013,146.87572736727532
-37.22597314395382,146.87146679296822
-37.22252328798327,146.87014231823503
-37.219210831378,146.86874631009135
-37.21650518187007,146.8672870066017
-37.214515177570185,146.866065001334
-37.2127897903836,146.86472884315273
-37.21164501591241,146.86370542933292
-37.210558005413056,146.86277942297014
-37.210363355244496,146.86261662183387
-37.20976004538962,146.8588807794569
-37.209035598863686,146.8554384926684
-37.208134818044265,146.8508132069
-37.20762976379227,146.84761181115238
-37.20570590854968,146.8467992929376
-37.20386814211574,146.8460833878855
-37.20353682784922,146.84600212581236
-37.203240829557274,146.84576663424187
-37.20287899625521,146.84541365599992
-37.202588199023985,146.8449813183015
-37.202550211497616,146.8449900468572
-37.20256289403663,146.8449740677934
-37.20218733379493,146.84465109097727
-37.20190861799685,146.84414731301376
-37.19958158358955,146.8411156319823
-37.19790639137512,146.83688477835577
-37.19666864768342,146.83311839995704
-37.195423337301136,146.82992884940626
-37.19449779374976,146.82740384877098
-37.194885439715655,146.82538656469148
-37.195243923654495,146.82371485304068
-37.19549802661435,146.82225864771354
-37.19552840439587,146.82192369441924
-37.19629340815468,146.8174049791628
-37.197098125671886,146.8136845062356
-37.19751814449442,146.80981869978584
-37.19563448051557,146.80718007478163
-37.19396444642156,146.80504162915975
-37.19244534848021,146.80430638485228
-37.19130341652154,146.8038853767491
-37.190795055664736,146.8038120882583
-37.19035756547704,146.8038136006424
-37.19004171306629,146.8037476261499
-37.18975609405384,146.80409165730185
-37.18701528233211,146.80730964170237
-37.183994735671284,146.80990381776996
-37.181051142285746,146.81293137736148
-37.18047603340173,146.81609901422743
-37.17984967257332,146.81913307850843
-37.17928586039097,146.82145760469274
-37.179077398644345,146.82185582675416
-37.17879856294745,146.82231809223444
-37.17833557445411,146.8223060319418
-37.17801491032657,146.82227550417267
-37.17770550474397,146.82220266510433
-37.17725250252313,146.8220803771843
-37.17691311440229,146.82184887640085
-37.17650945069165,146.82155361670863
-37.17614484699833,146.82135647044225
-37.17613419376134,146.82138798195936
-37.1759922992539,146.82085005582113
-37.1756701151302,146.82051242285368
-37.17531916194122,146.82023396532315
-37.172387561050144,146.81797120597832
-37.16981743576652,146.81561260377006
-37.16720109316909,146.81270370382998
-37.165018251434915,146.8097596310094
-37.16363896334443,146.80753258549018
-37.162658447087345,146.8053838892513
-37.161907009997414,146.8037955840802
-37.161376731816596,146.80237479984748
-37.16127452367072,146.80206258460288
-37.158654583006154,146.79900067515305
-37.15841851338739,146.79855302649008
-37.15819740420853,146.79829324224465
-37.15793845912789,146.7978547277294
-37.157693310844536,146.7974872089408
-37.15753405159193,146.79699867277856
-37.1575460354133,146.79644777740123
-37.157570452531125,146.7959746813958
-37.1575217916408,146.79551564541563
-37.1575576888953,146.79548291035888
-37.157559976782615,146.7954818291258
-37.15760086795505,146.7955011906918
-37.158020584876574,146.7953130070243
-37.15839370795145,146.7952334253521
-37.1587084959073,146.79528996386668
-37.15898567216753,146.79525618039108
-37.15946114664877,146.79530373118615
-37.159782187684435,146.7953630700122
-37.16014763153481,146.79561035116757
-37.16042582605598,146.7957893811334
-37.16086146665329,146.79602232042333
-37.16124727729436,146.79616451145026
-37.16169859062583,146.79616451046576
-37.16197948541057,146.796204954608
-37.16242974252577,146.79629684173264
-37.16276130209511,146.79649178463063
-37.163103830727245,146.7965678751443
-37.16352839123501,146.79641698469456
-37.163986050943485,146.79637887053974
-37.16397564190141,146.79641451913952
-37.16401414493715,146.7964075447624
-37.16404042275702,146.79641253341524
-37.164078340513264,146.7963820242797
-37.16411372614149,146.79636437178615
-37.16409441105633,146.7963572016614
-37.16406696183581,146.79632970567087
-37.164092642914746,146.79628843450817
-37.16410279845512,146.79625001015728
-37.16367989992989,146.795972868528
-37.16330867277881,146.79560107906423
-37.16298236791944,146.7952510809021
-37.16259724083047,146.79491471734266
-37.162284583940895,146.79474717307593
-37.1618873869872,146.79442412671
-37.16157879967402,146.79400724254086
-37.16128030125926,146.79378770073683
-37.16127756573682,146.79378679462553
-37.161287092575726,146.79378474505538
-37.16125976327688,146.7938030298365
-37.16125444207784,146.79379166021047
-37.16124948126061,146.79376954276373
-37.16096656100507,146.79396144847078
-37.160634654558976,146.79402206454523
-37.16028993574866,146.79421441641549
-37.16000634313124,146.79440632706678
-37.159631846671175,146.79467332706116
-37.15935802004553,146.79497323852365
-37.15730490940172,146.79815640140345
-37.15688587989152,146.79851531586792
-37.156690339988614,146.79883580897155
-37.15475571692937,146.8016446638029
-37.1527358101736,146.8052632156495
-37.152497077328086,146.80578374952415
-37.150642948092276,146.80955778616544
-37.149469050509566,146.8128833907515
-37.148206170194946,146.81653597902476
-37.14812086910289,146.81692971037145
-37.14803291990677,146.81740117980394
-37.14805052036738,146.8178391832506
-37.148149836460654,146.8181938004012
-37.14841305464304,146.8187679204403
-37.14864949215672,146.81918665259514
-37.14886712299701,146.81961825971533
-37.14916849785544,146.81996979396126
-37.14934243084217,146.8203056433186
-37.14957906365845,146.8207100860539
-37.14958225899412,146.8206786379167
-37.14961856166368,146.82069937541723
-37.14962960695283,146.82067827758192
-37.1501120133945,146.82076128259436
-37.153879779391524,146.8215851743896
-37.15711698496422,146.8223959136343
-37.16009735042427,146.82361150787924
-37.16260393261773,146.82461600462221
-37.164597572064494,146.82569586862658
-37.16633628887403,146.82687604222315
-37.16765003328868,146.82771568147686
-37.16795481862314,146.827962252034
-37.16823327550855,146.82841493203293
-37.16859896857483,146.8288401738142
-37.168841917380824,146.82932794426523
-37.16899621033256,146.8297657349447
-37.16912189777191,146.8302264912582
-37.17038897815909,146.8340994766056
-37.17057285014289,146.83467268341903
-37.17057813114434,146.83466595107308
-37.17059885999779,146.83463948734294
-37.170619052027135,146.83460082399426
-37.17059943607757,146.83462576256605
-37.17061818816188,146.83460857718967
-37.170651258614676,146.8346303972572
-37.170630950930246,146.83460572323628
-37.170583526992665,146.83506513556912
-37.17060365268872,146.83565225560645
-37.170546735096266,146.83611745278805
-37.17047703229481,146.8366114133456
-37.169588317655084,146.8405759160762
-37.16897979133147,146.84541987130467
-37.16896234573196,146.8491993497588
-37.169149818973324,146.85274606691192
-37.169370773042054,146.85571201136838
-37.1693519924348,146.85822498145816
-37.16928124718167,146.86003545480423
-37.16938157854968,146.86167485447083
-37.169365831644434,146.8619962064267
-37.167307282147604,146.8652586713247
-37.16479558145831,146.86819482467766
-37.164629042048006,146.86848417923807
-37.16427344907132,146.8689488659061
-37.16390625346997,146.86928119010207
-37.16357874207451,146.8695591016389
-37.163239067371116,146.8697502487452
-37.16044633480821,146.87071929183054
-37.159960505910355,146.87081062082063
-37.15945252165959,146.87095806868356
-37.156043428808154,146.87190724730564
-37.15358577285752,146.87362374160227
-37.15105582969453,146.8753810551599
-37.15074572584124,146.8755530594
-37.15040607758698,146.875838915305
-37.15004548207252,146.87591419982692
-37.14978751520346,146.87606045330597
-37.146701704771324,146.8782994231058
-37.143566074332284,146.88064798938035
-37.140634475116336,146.88333087574134
-37.13999236060325,146.88663571209443
-37.13977690879395,146.88913073879854
-37.139665237503536,146.8914606110936
-37.139482624297905,146.8933064253571
-37.13940977809791,146.89380372378227
-37.13934031348505,146.89437290267412
-37.13937700125198,146.8943875339159
-37.13939858742131,146.89441469228902
-37.1393985327593,146.89439183712364
-37.13942052871841,146.89440432447876
-37.13946068387138,146.8944132264056
-37.139458061501436,146.89437706342488
-37.13964843279796,146.89472421731946
-37.13977581387804,146.89513712993357
-37.13992688431234,146.89560330712803
-37.140241973767964,146.8961244041429
-37.14038355891366,146.89658665750218
-37.14058445451222,146.897163072658
-37.140651253456866,146.89762510307182
-37.141788486164984,146.9020550924876
-37.14204521443679,146.90256199820453
-37.14236534800359,146.90283875949757
-37.14266176914653,146.90306651133778
-37.14282052019018,146.9034949354818
-37.14297786022933,146.90392094339342
-37.14323340569349,146.90436329932962
-37.1434785756476,146.90473379833537
-37.14350917071173,146.9047719402312
-37.14350736228682,146.90474230517415
-37.14347061479792,146.90472508178118
-37.14343260034233,146.90471121298353
-37.1436889873399,146.9045321594343
-37.146502849250105,146.9028305873666
-37.1496193020046,146.90243480343565
-37.14999467644152,146.90243590379336
-37.14998419291586,146.9024398209055
-37.14999236453461,146.90243857007584
-37.149974537609516,146.90242469726635
-37.15044910294076,146.90256881547833
-37.15096703715349,146.90265077750158
-37.15133333320364,146.90257926862844
-37.15168849216781,146.90237408650677
-37.15205704586029,146.90231208298783
-37.15212009962224,146.9018722078004
-37.15221358004337,146.90136624740822
-37.15218472955085,146.9013377503521
-37.15233101720236,146.90091166565773
-37.15237836714704,146.90036321734613
-37.15244997432012,146.8998587219859
-37.15255017971356,146.89926958090211
-37.153805410982294,146.8952338766413
-37.15402971331131,146.89473537787117
-37.15413986139471,146.89437010135563
-37.15429897757154,146.89404619174064
-37.15451112098796,146.89356917931295
-37.154999262742294,146.89370700109072
-37.155506567735245,146.89377728225364
-37.15588903404261,146.89378322478515
-37.156238215549855,146.89389365297504
-37.15667733286719,146.8940738692839
-37.157159119595946,146.89435101078064
-37.15758932816747,146.8945643042637
-37.15759796493493,146.89458447998425
-37.15758477539252,146.89456298198434
-37.15777316165938,146.89491071313114
-37.15789585342147,146.89525550805828
-37.15808876209121,146.89558016429044
-37.158531538594985,146.89566947128478
-37.158861077206694,146.8958771476438
-37.15925069939191,146.89595750276652
-37.159741884978786,146.8959381629357
-37.159726425540946,146.89596128066032
-37.159708171073035,146.89599981826217
-37.15971306089969,146.89602078133908
-37.159742009306896,146.8960462345377
-37.15974114114867,146.89601432043935
-37.15971771752934,146.89601064993573
-37.15988089131436,146.89653935229168
-37.160132785780405,146.89690425407997
-37.16030481033288,146.89733131421818
-37.1605106440112,146.8978655443659
-37.16073811820902,146.89815230926732
-37.16320992211109,146.9007589278905
-37.166044708447565,146.9040253632606
-37.1692347653719,146.90683281255514
-37.171008212027644,146.9091972069812
-37.172454734419816,146.9111028482185
-37.17399855324795,146.91093266082953
-37.17539933203272,146.91056323448495
-37.17687164625354,146.91005969597035
-37.1771654130779,146.90999217858425
-37.17765719702797,146.91002595709062
-37.17805481491234,146.91008952785575
-37.17850571413403,146.91003362247255
-37.17887490808177,146.9100948306337
-37.17930402454875,146.91007685039625
-37.179658516952315,146.9099976929868
-37.180080510423466,146.90996719538776
-37.18057996047584,146.90987848233053
-37.18096766030671,146.90990764510607
-37.181345664194374,146.91004778135354
-37.18168678084314,146.9102640597903
-37.18208522676878,146.91044751262385
-37.182553242221076,146.91055383632275
-37.182565660864746,146.9105658626077
-37.18253621047964,146.91055356141914
-37.182558716984914,146.9105944134107
-37.182537446667844,146.91058016942245
-37.182505477019525,146.91058601350198
-37.18249841784522,146.91055837531792
-37.182502653267186,146.91052031900287
-37.18248882133748,146.91050766080062
-37.18251165119489,146.91053469744762
-37.182560206150704,146.91091237336875
-37.18268799731589,146.91131389902995
-37.182811303742874,146.9117684702662
-37.1828866923546,146.91233403458435
-37.18310152949928,146.91586820515477
-37.18400270904428,146.920151740545
-37.182350294336025,146.92380532065312
-37.18217736217656,146.92419919887465
-37.181855728624605,146.9246617676474
-37.18157668695756,146.92485609149887
-37.18122154671875,146.92503741701782
-37.18081410121801,146.92536086971404
-37.180550937802956,146.92550381211748
-37.18023401446096,146.92556410853086
-37.179835956940494,146.9256564845567
-37.179481438178456,146.92576825079146
-37.17918658755408,146.92585777241285
-37.17881312805265,146.92603517286744
-37.17848077867994,146.92614218869878
-37.178153286528854,146.92615343582156
-37.17448115727111,146.92543987052795
-37.171079467052984,146.92624678040238
-37.17070598092041,146.92621745089565
-37.17036588365509,146.9263268355611
-37.16989303379858,146.92654012027072
-37.169622120476134,146.92681054820184
-37.166709109940506,146.9294518495575
-37.16395391401156,146.93116543033491
-37.16043874553874,146.93260226507928
-37.16013024870991,146.93284061733837
-37.159828979486065,146.93306609616698
-37.15938892124871,146.9333738714304
-37.15909606521603,146.9333629203886
-37.158732309942785,146.93322825260265
-37.158364235614606,146.93322475315287
-37.15801710979634,146.93318158735744
-37.157672562924034,146.93308889333574
-37.15720123931477,146.93276641842118
-37.15685969521912,146.93292713667174
-37.15648654596537,146.93315006504503
-37.156518544343164,146.93316662077746
-37.156548856041404,146.9331451847445
-37.15653496651413,146.93315616949886
-37.1565234369171,146.93315142371853
-37.15652430658566,146.93313459568466
-37.15650982467003,146.9331671603543
-37.15654683416369,146.93316943564403
-37.15617926492358,146.93346432447197
-37.15618320952167,146.9334371133617
-37.156192656861094,146.93347729001744
-37.15616871042962,146.93348638445934
-37.15614514828078,146.9334470295298
-37.15616049238278,146.9334617309984
-37.15619815236265,146.9334773946737
-37.156224465822994,146.93345157193363
-37.15624939355075,146.9334914109126
-37.156233622621365,146.93352809049287
-37.15622639619228,146.9335239687065
-37.156245520862754,146.93351182672973
-37.15627087222101,146.9335398293954
-37.155911248336054,146.93346738024968
-37.1558766500998,146.93345376812465
-37.1558420286788,146.93342603070758
-37.155367110434796,146.93321578268598
-37.1549461434138,146.93296010393783
-37.15472654256441,146.93273258006715
-37.15456064224953,146.93243446230971
-37.154417855171246,146.9319069364438
-37.15431841200602,146.93153599959595
-37.154230394083456,146.9309664242299
-37.1542343883515,146.93093358167346
-37.15439511310088,146.93054681308794
-37.15611488927886,146.92633837329797
-37.15766637440944,146.92272841831135
-37.15786147666508,146.9223742250465
-37.158049175255265,146.9217984760179
-37.15830777075145,146.92137057332658
-37.15853737352123,146.9209006406187
-37.15866823393197,146.92035917861264
-37.158709121038605,146.9198769978513
-37.158684757823345,146.9198457409519
-37.15868655089743,146.91987311559888
-37.15870757330176,146.91988866313818
-37.158674676780656,146.91987304044926
-37.158663183356175,146.91988968580492
-37.158707778670376,146.9194128244853
-37.15876663243555,146.91879422299482
-37.15899208647588,146.91399236239982
-37.158755446163546,146.90951084385992
-37.15866425077997,146.90890249673652
-37.158667763240814,146.90843134971755
-37.15875214052591,146.908052622824
-37.15880087104249,146.90749868469086
-37.15878151642599,146.9071373444193
-37.15876916699876,146.90658051589023
-37.15877203857184,146.90658217998845
-37.15876921105054,146.90655784973353
-37.158774216483806,146.90653537601054
-37.158795670554895,146.90655991690028
-37.15878316577597,146.90653051124016
-37.1587541991811,146.90653105572838
-37.159220148544534,146.9065994178934
-37.15960025510953,146.90657392994197
-37.160017786818095,146.90665475452232
-37.16039180840373,146.90656503811414
-37.16072025429008,146.90658317704302
-37.16102716326404,146.90652246953383
-37.16142705876443,146.90655065994375
-37.16175316688145,146.90660296109525
-37.16205111775966,146.90674705882407
-37.16208790619304,146.90678154623498
-37.16209282777158,146.90678872911647
-37.16209787537296,146.90675603831966
-37.16212574530439,146.90722393516413
-37.16217444734419,146.9078542184008
-37.16240558065461,146.91243860501916
-37.162510845428095,146.9169315306888
-37.16255777466701,146.92081717108647
-37.16298062296787,146.92434373822047
-37.16266103009912,146.92693033394687
-37.16230456385857,146.92925050096608
-37.16214666956639,146.93104735125962
-37.16202306421247,146.9329206994657
-37.16208173151169,146.9332310990146
-37.163318815865864,146.93756203401054
-37.1653197341991,146.94158417975405
-37.167521253447845,146.94553815031364
-37.167655086997144,146.94585961747214
-37.16754552994263,146.94639358264814
-37.167438466266,146.94687391493625
-37.1674325005904,146.94685957504907
-37.167470738629575,146.94682634654504
-37.16743470034036,146.94682494052196
-37.16746214008367,146.94680214259563
-37.16743361028472,146.94684099470246
-37.167439845186635,146.94685270556332
-37.167426282642495,146.9468824758944
-37.16744825673297,146.94689892447204
-37.16747772166622,146.94690335792546
-37.16745158057472,146.94690432713736
-37.16743934244201,146.94690179196266
-37.16741140756697,146.9469007798589
-37.16741518025783,146.94691095989202
-37.16740758261944,146.94693595513846
-37.167372441878264,146.94691898502376
-37.16734698799498,146.94689619052278
-37.167314689108046,146.9468781356612
-37.1672967441432,146.946894128898
-37.167284770779624,146.94688290496617
-37.16725322076166,146.94687980806086
-37.166962950504946,146.94665680498093
-37.166632796564976,146.94639253691415
-37.16395300575566,146.94449509814638
-37.161394604979925,146.94232981006732
-37.15881078460062,146.93938385233707
-37.15688962301256,146.936889655046
-37.155679440948234,146.93470328648968
-37.15472765585048,146.93251380046652
-37.154094633235744,146.93117902955925
-37.15355839669089,146.92964031384028
-37.15350064624994,146.92923671547092
-37.152888851264564,146.92485367977775
-37.15252131951898,146.92089156032011
-37.15267936216844,146.9163792088597
-37.15328880053459,146.91252057507393
-37.153517535059606,146.90983789160225
-37.153734944405144,146.90753181554692
-37.153922557785684,146.90562234975323
-37.15395388105746,146.90398635352705
-37.15394891778595,146.9037277698143
-37.15437714645465,146.89966467938393
-37.1551650459509,146.89603103830555
-37.155852861657266,146.8913847369621
-37.15591321146332,146.8910105051388
-37.15597267426109,146.89062712591812
-37.15599455471478,146.8902084244868
-37.159264333571514,146.88774763110587
-37.16251529388978,146.88525075133327
-37.16571247296718,146.88317387071683
-37.1681477983153,146.8815085887283
-37.16996547692789,146.87993087677674
-37.17174899298189,146.88037578254546
-37.173180439545476,146.8805879257098
-37.17448115517137,146.8808455930642
-37.17460412546592,146.88111867288234
-37.17649879340255,146.88431037649542
-37.17824817683601,146.88713234700572
-37.17889215616251,146.8915751852227
-37.17939039088002,146.89459982172986
-37.17986202378799,146.89715508256072
-37.180565711879936,146.8995364572892
-37.18102489478994,146.90088327713423
-37.18235651895598,146.90157008141932
-37.18257861556759,146.9016715933529
-37.18515699672572,146.90329472215168
-37.18797575183262,146.90455319922404
-37.19081414184588,146.90545198265912
-37.193207375241805,146.90585216617913
-37.1952936964681,146.90637513806556
-37.197303378280466,146.9069468961139
-37.19860176467058,146.90700072692232
-37.200051169597714,146.90690616277752
-37.20033237838498,146.90692241008685
-37.20408436837362,146.90613553461756
-37.206960563971364,146.90892901069157
-37.209763641438606,146.91178478999439
-37.21214060159758,146.91403487274235
-37.214511374000566,146.9135655854935
-37.216503556680635,146.91272825714395
-37.21788057783824,146.91189410777
-37.21827003741726,146.91154138782608
-37.21867422443999,146.9112387695836
-37.21903515599667,146.91085127677792
-37.21940171087019,146.91045192578042
-37.2214384515481,146.90667468440873
-37.22305080826967,146.9023954453736
-37.22453563657907,146.89865781829272
-37.22631994723495,146.895391468072
-37.22837203874884,146.8933664320834
-37.23028657139214,146.8926696271719
-37.23062004045454,146.89125965230448
-37.230713670446924,146.89074018278458
-37.23075396953319,146.8903821566105
-37.23087416728043,146.88990371279448
-37.2310087329792,146.8893676306376
-37.231151248028475,146.8888303092296
-37.231189842813016,146.8888451472188
-37.23117002181092,146.88882160605806
-37.23113357204981,146.88878711748268
-37.23112639576745,146.88874882695129
-37.231157650561414,146.88875022675936
-37.231196081127855,146.88876334967873
-37.23118326428702,146.88879694755002
-37.23118851136706,146.8887741504005
-37.23120739801386,146.88880425088615
-37.23101401564548,146.88855238178212
-37.230779277807486,146.88819502500823
-37.23040681285399,146.88789334518106
-37.23004719540191,146.88759259255914
-37.22969872117983,146.88737323069256
-37.22941715137099,146.8870300691364
-37.22901386505178,146.886653554857
-37.22865466106642,146.88643217242603
-37.22824979448063,146.88631387745608
-37.22789272240564,146.88631847413836
-37.22432057530679,146.8864067097413
-37.221119480242635,146.8865078089214
-37.2172165612233,146.88616620343734
-37.21425387860693,146.88598010931827
-37.21207367150257,146.88582233787912
-37.21010835246688,146.88560824462098
-37.20855221920663,146.88518978309807
-37.20732310379008,146.88465248394445
-37.207057642080706,146.88448925729358
-37.204599807674256,146.88256069618583
-37.20151228256112,146.8805426103199
-37.1983879191015,146.87867215587357
-37.19805905478896,146.8783774953853
-37.197832033702284,146.87804829154675
-37.19755490078838,146.8776568896299
-37.19730217993534,146.87729706935832
-37.197054643946096,146.87684127298374
-37.196799591078445,146.87647545303165
-37.19660364451834,146.87601114637502
-37.196415661344055,146.8755978669134
-37.19466177729036,146.87246814474025
-37.19450696151399,146.87187600859184
-37.19323432571806,146.86825944364853
-37.192196097067864,146.86444402574054
-37.19067914729209,146.86053016305235
-37.19042928430229,146.85996829796562
-37.190281435685414,146.85936379193942
-37.19004304259265,146.85880034507792
-37.18987022458004,146.85840796012667
-37.189677728594134,146.85804761760906
-37.18964487062407,146.85801622758098
-37.18961612699201,146.85802520038126
-37.18960907119561,146.85800244325296
-37.189302290349815,146.85803006933907
-37.18889701280172,146.85801647952638
-37.188565809418925,146.85802192834308
-37.18816390485489,146.85791938850366
-37.1877159069189,146.85793668635824
-37.18727751984105,146.8580287871355
-37.18686853207962,146.85824651354633
-37.18646828055268,146.85856496463325
-37.186107741468376,146.85893875704403
-37.18572613471375,146.8591681612821
-37.18532582537091,146.8594882263334
-37.18511109022354,146.85981067721062
-37.18488371029745,146.8600272855567
-37.18452310698471,146.86011769143016
-37.18404282379446,146.86021321712906
-37.18363719878195,146.86019717637421
-37.183334769327246,146.8600634447534
-37.18036722223397,146.85861219796254
-37.1775613720196,146.85776438120814
-37.17470787698037,146.8573093998578
-37.17205793645937,146.85678202452348
-37.16963877359279,146.8558444885595
-37.168107833490026,146.85503696970443
-37.166787179358764,146.8545406938513
-37.165716752669574,146.85351613020117
-37.16548324235876,146.85328731442303
-37.16254682537761,146.85071796420434
-37.160331406701886,146.84831736574867
-37.1579540878983,146.84535552206776
-37.155794784310196,146.84302775112357
-37.15420740336995,146.84084164153134
-37.154746252950574,146.83858781266753
-37.155228065896424,146.83713529480866
-37.15588905245392,146.8355428197718
-37.155991201232894,146.83520117815206
-37.1568038277884,146.83101489585172
-37.15742858707624,146.82729576093286
-37.15845269915482,146.82286583473703
-37.15945168165615,146.81953800060714
-37.16011478017102,146.81709064437706
-37.16058825666186,146.81478415309658
-37.1607129312157,146.8143664744021
-37.16075988302089,146.81377026280995
-37.16087678745374,146.80949827979632
-37.16058034817518,146.8057620036839
-37.16321280858707,146.80316553329294
-37.1635127954864,146.80281914075877
-37.16372924471657,146.80242985704209
-37.163968968558926,146.80199159849263
-37.166099182075584,146.79797881752958
-37.16791833788923,146.7940714162027
-37.169790984058814,146.79087646204044
-37.171760963387264,146.78788476124748
-37.173628850023746,146.78542856325217
-37.175036924302525,146.7836069609037
-37.17624863601179,146.78238651083166
-37.17717407638547,146.7813812128677
-37.17734188359482,146.7811299107489
-37.17913975755145,146.7781752707191
-37.180996790579336,146.77535909574135
-37.18325381124968,146.77243866046808
-37.182746500854144,146.76939126416357
-37.182116923641885,146.76688569017372
-37.181406238541086,146.76508767181812
-37.18151016735421,146.76318611781596
-37.18175899097843,146.7613205783213
-37.18198368401805,146.76124637949357
-37.18528148687372,146.76032027405378
-37.1890509880227,146.75944702603007
-37.189407433801506,146.75926659448328
-37.19312857614924,146.7578408571921
-37.19634906840102,146.75650073949913
-37.200015597393666,146.7550193254842
-37.200497189855405,146.75488320700026
-37.200757167074,146.75472974896616
-37.20117857992375,146.75446482070234
-37.20155019230584,146.754363416392
-37.20182976199123,146.75462594690416
-37.202133421374974,146.7549114032382
-37.202573969831555,146.7550798930395
-37.20295773459607,146.75511772655219
-37.20338466469367,146.75527402372344
-37.203690802222226,146.7554040179162
-37.204040611805446,146.75555380770504
-37.20452141078157,146.75583174475085
-37.20448290218522,146.75633374491625
-37.20449407092562,146.75686629077495
-37.204478715022915,146.75738206731177
-37.20443296589365,146.7577744862721
-37.204501632204604,146.75827127236414
-37.20450759014635,146.75873400406792
-37.20448937235402,146.75930044375252
-37.20433125492203,146.75985566434323
-37.20377741467502,146.76447804972887
-37.202962804158076,146.76810490877696
-37.202825310968045,146.7685714485842
-37.202700698003774,146.76894138057816
-37.20266172615127,146.7693715412839
-37.202655519581235,146.76994687261404
-37.20269697774855,146.77030453533413
-37.2030345580897,146.7751036573336
-37.20298630085473,146.7796722377645
-37.20299796823849,146.78362399399774
-37.202648467696484,146.78736318357522
-37.20270673470938,146.78790254510525
-37.20278079755634,146.78838434766067
-37.20290529472435,146.78902029892555
-37.20302913924772,146.78933989208758
-37.20320144362979,146.7897068132343
-37.203320383808276,146.7900953783432
-37.20360034453186,146.79053961169953
-37.20378777041753,146.79088799879136
-37.20506825128323,146.79428591344356
-37.20525890250297,146.7946730950335
-37.20532507734619,146.79513402190688
-37.20545046216562,146.79562014245127
-37.20551237931472,146.7960805223588
-37.205629930003205,146.79653290945126
-37.205738451659265,146.7968832118323
-37.20573020269707,146.79739223916235
-37.205784334675016,146.79802747142693
-37.205704475446964,146.798632217329
-37.205652034215056,146.7992305549918
-37.20570829642794,146.79962028874465
-37.205640900156496,146.8001031792901
-37.20546383027559,146.8006344674113
-37.205418941771036,146.80110933319904
-37.205310844761335,146.80168459093488
-37.205176868064626,146.8021211627243
-37.2047124935039,146.80235671302475
-37.20436588949739,146.8025638340945
-37.20402186067996,146.80264076942842
-37.20361463375507,146.80268720781018
-37.203250528854106,146.80262290937756
-37.20281421737399,146.80257467986286
-37.202468390207464,146.80252276898344
-37.20202542873351,146.8025632110868
-37.201620166656156,146.80251515588884
-37.20162764601765,146.80253349397069
-37.201657921533446,146.80253012519924
-37.20168448313369,146.80253521629353
-37.201648868181714,146.80251681021693
-37.201621725643534,146.80250049627645
-37.201622212338485,146.80247533718241
-37.20161838167669,146.80244225726437
-37.201608597223974,146.80245868196513
-37.20164028725655,146.80243565010707
-37.20166975512422,146.80246220158728
-37.201644457900485,146.80244972631067
-37.20164599277394,146.80245945564752
-37.201664121123486,146.8024875181109
-37.20165587100947,146.80246368795727
-37.20127967552265,146.80213476309044
-37.19888349316401,146.7999693388368
-37.19562031422398,146.79789796343934
-37.19244829754862,146.79573401486005
-37.1901658311411,146.79388081715027
-37.18797562452257,146.795575004736
-37.18630699385269,146.7968740885296
-37.18524122071244,146.79763459310954
-37.18485470989457,146.79798151998438
-37.181918554531315,146.80016008656867
-37.179098096206296,146.80182894948499
-37.17598801690317,146.8042788524755
-37.17354062868275,146.8058563120995
-37.17319672092568,146.8055870844346
-37.17282169099968,146.80541180660194
-37.172460050523966,146.80538459930443
-37.17209734786341,146.805204182559
-37.17198712195047,146.80482201799555
-37.17193417072592,146.8042190222205
-37.17192887064996,146.8041898770351
-37.17192534187344,146.80418482604415
-37.17195364138608,146.8041940845761
-37.17191605758968,146.80415291715133
-37.17192243709458,146.80418827995877
-37.171936566024186,146.8041490025528
-37.17197581093974,146.80417029846146
-37.17195270022379,146.8041728093571
-37.17193633493172,146.80415768472375
-37.171935132444005,146.80416380792386
-37.17191098460595,146.80412389646528
-37.17191786933072,146.8041120445666
-37.171879441432914,146.8041234038098
-37.171875834727224,146.8041062210525
-37.17187623423397,146.8040834826602
-37.172035456882156,146.803563591069
-37.17228356789783,146.80324887626207
-37.17256694389616,146.8027421718498
-37.172477309160776,146.80222861880821
-37.17120429073995,146.79791139048666
-37.169979290612055,146.7944673064594
-37.16864185283336,146.79036972818704
-37.16860949721523,146.78994185759439
-37.1686169695496,146.7895111033553
-37.16853416521544,146.7891343346399
-37.168510697692426,146.7886322049426
-37.168594187048285,146.78819005669678
-37.16869789630876,146.78753984320423
-37.16867206833174,146.78699212390217
-37.168710329572896,146.78637786076567
-37.168722712964374,146.7859167331544
-37.16870666845051,146.78595175414446
-37.16874073235284,146.78593365783462
-37.168754981639154,146.78592146548937
-37.16872789235243,146.78591981615466
-37.168753055948606,146.78592589715666
-37.16876734935702,146.78594575754994
-37.16909937033504,146.7857464909553
-37.169558256535446,146.7855901053111
-37.16986734224112,146.7854314578515
-37.16983394654404,146.78543345424927
-37.16980636507906,146.7854283214426
-37.16977522929199,146.7854142397313
-37.16979394433415,146.78543642121394
-37.169773246024576,146.78544465854552
-37.169773186996046,146.78544743899303
-37.16976786161994,146.78548464761803
-37.169790567672926,146.78552143662745
-37.16979142637183,146.78556193621534
-37.17007714860725,146.78568589328813
-37.170442562269336,146.78576978059948
-37.17083767226535,146.78582745945644
-37.171255006594976,146.78575711989666
-37.171738128323845,146.78577748347445
-37.17206689352914,146.78568894736782
-37.17235499796671,146.785881007112
-37.1726232809235,146.78629001921234
-37.172661100902225,146.78630963514198
-37.1726392633228,146.78634507596212
-37.17262411941406,146.7863476118335
-37.17262671759255,146.78632651898747
-37.172636203399755,146.78636303204422
-37.17265756431776,146.78634390558858
-37.17268651733288,146.78638135801015
-37.173052058161325,146.78653747382575
-37.173560107061206,146.78670203764122
-37.17383809795746,146.78674579597129
-37.17422482793602,146.78666551915538
-37.174463418732465,146.78652719775064
-37.174826341498225,146.78612937294392
-37.175212402249294,146.78593556609263
-37.17853333623172,146.7833374916549
-37.18123220383182,146.7810727539146
-37.18365150078466,146.779092005886
-37.18622592260328,146.77703509892095
-37.18790357480765,146.7755865248566
-37.18944304513714,146.77596519196268
-37.19073490538285,146.77622003272282
-37.19194374249716,146.77738692174967
-37.19214009989268,146.7775434983503
-37.19454083407069,146.7799016752629
-37.198418798629454,146.77973651213102
-37.20197977986495,146.77992169590027
-37.20466044268878,146.77975891032327
-37.206986076062464,146.779983869846
-37.207387484224654,146.77993336486898
-37.20766473179274,146.7802287021586
-37.20763949170373,146.78021094730926
-37.20762072532771,146.780176700497
-37.20758786798112,146.78019598102486
-37.20760052331557,146.7802130909027
-37.2075819802458,146.7802170394558
-37.207611675764575,146.78025486777517
-37.20762612408728,146.78026481615694
-37.207664212639955,146.78027046636106
-37.20769888391739,146.78029774733218
-37.2077269800004,146.78072664155337
-37.2078112782159,146.7811112779541
-37.207946411091065,146.78168662331709
-37.20890163273093,146.7853806002549
-37.21259863613429,146.78638908766368
-37.21598671689931,146.78732027947126
-37.21885147858061,146.7883243293161
-37.22149597832537,146.78899706734526
-37.2230138371391,146.78958176565808
-37.224283056694574,146.79027748865283
-37.225634227516,146.79085054528394
-37.225878283465384,146.79098334711745
-37.226217104937845,146.79109425891085
-37.229468074708436,146.79155521087105
-37.23242623123016,146.7921749592116
-37.235697023573394,146.79228581908654
-37.23814216857088,146.79259473317322
-37.238456805047086,146.79255052989205
-37.24223645987576,146.79199573897506
-37.24501205322053,146.79136863615332
-37.24858783931196,146.79071005285377
-37.251521030213176,146.7895866176268
-37.25413460076836,146.78895917329245
-37.255962848009005,146.78845838490875
-37.257150403498805,146.78802946255126
-37.25832166167888,146.7875016898952
-37.258613474687074,146.78736131523442
-37.260372151067244,146.7830774057569
-37.26065183624927,146.78269381276075
-37.26105357371533,146.78262100980717
-37.261400224589934,146.7826310135806
-37.261857949868855,146.78265836105945
-37.262358781188986,146.78269248979097
-37.26283376455291,146.7827717059082
-37.26281292489193,146.78273311404408
-37.262809670232436,146.7826995487979
-37.26279158719135,146.78271539905398
-37.26319517991621,146.78308221577817
-37.26358846429499,146.78335480368085
-37.26396127280922,146.78375811942456
-37.263924625488706,146.78379054491037
-37.263904997343246,146.7837942646101
-37.26390750178567,146.78380522103996
-37.263894191386996,146.78384204364977
-37.263878582034025,146.78385372915082
-37.263913687033536,146.78381612829193
-37.263879780174555,146.78379746461698
-37.26389268623379,146.78376376475413
-37.2643598095487,146.78384456641618
-37.2676458973542,146.78465130919108
-37.270796847920685,146.78571352780895
-37.2741396660882,146.78743481834005
-37.27687461670372,146.78929738338883
-37.27714402355091,146.78962941622575
-37.27739641292572,146.78988976098304
-37.280564059391786,146.7927752833654
-37.283413635395604,146.7949549041648
-37.286010121546965,146.7967378036454
-37.28858178510748,146.7985739784751
-37.288972344327384,146.79888082648247
-37.2891934614144,146.79923421855932
-37.28946012481923,146.79964385065477
-37.291886014584676,146.80292174889004
-37.293922742549015,146.80549693747847
-37.29620051204662,146.80904913299295
-37.29801579990814,146.8120119355653
-37.29937692834084,146.81474416605766
-37.30043659585044,146.81666444877223
-37.30113946415551,146.81826770471343
-37.30140765542198,146.8187388541935
-37.30346155623047,146.82238787902332
-37.30492793260126,146.8263898982745
-37.307171330014135,146.82888021132877
-37.30927311998486,146.83093224525965
-37.31103980718897,146.83260658063645
-37.312585154947634,146.83401618364078
-37.31361952822235,146.83528841989286
-37.31473042497773,146.8364978529572
-37.31497193764026,146.83670196308694
-37.31763281533354,146.8401763104248
-37.31788956770195,146.84042852119708
-37.31810658598136,146.84083600760238
-37.320360103807104,146.84451871945376
-37.32068729202811,146.84496050573605
-37.3206804572603,146.8450020464755
-37.32064200342476,146.8449768773975
-37.32066957667251,146.84496540708594
-37.320689244592984,146.8449360364262
-37.32069852073548,146.84492907381536
-37.32070799665469,146.8449200953088
-37.32072577534083,146.84488540691345
-37.320701955927,146.84488683924664
-37.32073366354728,146.84491974413027
-37.320743567326474,146.84488724083792
-37.32076309524655,146.84488365915647
-37.320792411000134,146.84487396238652
-37.32077505414525,146.84484217030004
-37.32081419237872,146.84480621327222
-37.32079477196667,146.84482487329768
-37.32076848743461,146.84479432516855
-37.3207940788449,146.84476042809115
-37.32079020812572,146.8447678743453
-37.321207466608236,146.84470006692104
-37.3215402167808,146.84452311774857
-37.3218337811555,146.8442823759737
-37.322190930966144,146.8440679453886
-37.32264564341427,146.8438465256378
-37.32295209359893,146.8435427493703
-37.32327884841342,146.84315912580487
-37.323674335627054,146.84287812327636
-37.32393302579879,146.84321338013575
-37.324115889179744,146.84358686953414
-37.32411092767382,146.84360554485386
-37.32414855145086,146.84363229160965
-37.324164058985055,146.8436347823832
-37.324201759522204,146.84366024112023
-37.32422734175637,146.84367758115724
-37.32426134791722,146.84370717311307
-37.324296842609094,146.84374840843495
-37.32431985967871,146.8437116540173
-37.32428603799644,146.84367709949615
-37.3242905561465,146.84366941581732
-37.324260863116905,146.843653546564
-37.32423172474661,146.84362080737162
-37.32423604017245,146.84363067354025
-37.324675794339,146.8436879008293
-37.32484540105206,146.8441541580222
-37.325156502137204,146.84471457661246
-37.32530179492804,146.84504070756546
-37.325545411681055,146.84558233590676
-37.325630803437996,146.84593149033526
-37.32573730525191,146.84633250659144
-37.32639131229294,146.84993695922347
-37.3270928056209,146.85420914394984
-37.327223220291586,146.85467800939512
-37.32788301155779,146.85836156120214
-37.32511375637988,146.86015282458186
-37.32401228065942,146.86353308357937
-37.3230878838394,146.86663420673602
-37.321954569724056,146.86911253313835
-37.32090743456824,146.87108506278395
-37.31984104279078,146.8724836727315
-37.3189607767603,146.87344369111298
-37.31893095277558,146.87374334589418
-37.31651257570524,146.87567235212975
-37.313829295453885,146.87812707961876
-37.310994430505374,146.88126204950206
-37.30877979190574,146.8842004995078
-37.307077563946386,146.88652717000366
-37.30551468253151,146.88809880317092
-37.304684537349715,146.88914150718608
-37.30368224841888,146.89038000477848
-37.30348787448358,146.89061809902273
-37.300868800329305,146.89370242770673
-37.297717730697954,146.8963526557318
-37.29459434847356,146.89838057681465
-37.29189208012361,146.8995425481896
-37.28976206103041,146.90019068784204
-37.28807062018422,146.9003348130408
-37.28671096659883,146.9002868688249
-37.2855402184893,146.90030759780194
-37.28521373647093,146.90035539097335
-37.28164250122869,146.9014852279347
-37.278539295452596,146.9005617595314
-37.27547843186117,146.89902073761593
-37.27321025889845,146.89745647118858
-37.27119676421297,146.8961915281527
-37.26973876930391,146.8951024246776
-37.268469799387596,146.8942807612751
-37.267286670575984,146.89346672108712
-37.26704291738641,146.89338666229466
-37.26420565846636,146.89169462385743
-37.26076589426296,146.8895132076318
-37.25811065143841,146.88780802913843
-37.255192537001236,146.88630284684785
-37.25485878064852,146.88606296203918
-37.254629245539576,146.88571368678805
-37.2546204184459,146.88570807505928
-37.25459510575384,146.8856743873795
-37.254287245607934,146.8852865372287
-37.253941170992086,146.884998002398
-37.25354183669468,146.8850620656278
-37.25316612593375,146.88500171419213
-37.25269071843245,146.88477698391532
-37.25237837202866,146.88448126284757
-37.251970049798715,146.8841760013789
-37.251563599235006,146.8839646339749
-37.25153854569932,146.8839336548883
-37.25154203904432,146.8839403207993
-37.251528777230995,146.88395818276723
-37.25150040918964,146.88392550388969
-37.25152242974948,146.88391223560592
-37.25152793877434,146.8838914352167
-37.25156136977374,146.88385794727688
-37.251579194364446,146.88385612165615
-37.25157854923572,146.88383684499877
-37.25140963494667,146.8842407157233
-37.2511610326038,146.88481734922186
-37.2509960308736,146.88513391396683
-37.250608527941985,146.8855406840591
-37.250574254939174,146.8855408693351
-37.25057336233808,146.88555835586305
-37.250542781316504,146.88556014655387
-37.250551739517924,146.88558344017912
-37.25055879770758,146.88556088707685
-37.250570385370295,146.88558751009273
-37.250497360328,146.8852317459194
-37.25036235913339,146.8846490523448
-37.25024537993582,146.88419846040443
-37.25026901472426,146.88416659682628
-37.2502895468286,146.8841539190598
-37.2503209284655,146.8841527969525
-37.250287882766756,146.88414235653286
-37.250287289090174,146.88416264289543
-37.25029513080663,146.8841975234147
-37.250330610096555,146.88418458687184
-37.250324997841794,146.8842188714163
-37.25035894085054,146.88422842065805
-37.250325960064124,146.88425901587706
-37.25029433160633,146.88428535324618
-37.250297983168686,146.8843102165746
-37.250288451209656,146.88432154402517
-37.25032730285706,146.8843299264894
-37.25031977788519,146.8843211928978
-37.25030173761499,146.8842946537561
-37.25030961159336,146.8842617219141
-37.250264703528494,146.8836890879219
-37.249466469248695,146.87963693121662
-37.248334824581036,146.87598388809062
-37.246793042795964,146.87180368580624
-37.244268975557596,146.86948581459177
-37.2417657083732,146.86836152763382
-37.24009933767467,146.8677953448073
-37.23880192049601,146.86733566667894
-37.237624040513865,146.86679024257336
-37.23739757562571,146.86673163827038
-37.23605283542264,146.8622195081391
-37.23322884864428,146.85937197538857
-37.230920920235995,146.85718340645116
-37.228257454570105,146.85508295249275
-37.226323086426305,146.85354757121056
-37.22608639520791,146.85326423036364
-37.2257852926468,146.8528463232949
-37.22563869431796,146.85250286643304
-37.22536741682109,146.85194402322404
-37.22510153161293,146.85150987199347
-37.224936282579726,146.85110441190216
-37.224769822301944,146.85061462582033
-37.224520912996525,146.85004146518358
-37.22338505082547,146.84617936201238
-37.22167701340096,146.8418595688206
-37.22049469588367,146.83802891336958
-37.21980092816705,146.83493255422252
-37.21926869643639,146.83211794138384
-37.218704128578466,146.82982204603067
-37.21827237295274,146.82796078361034
-37.21737074055391,146.82638030530197
-37.21718583561238,146.82606551183397
-37.21547357230795,146.8224961345948
-37.21359988797998,146.8191187079699
-37.21181212860049,146.81498536767901
-37.210299391281886,146.81166131634166
-37.210080315588336,146.81115721604124
-37.209866396533826,146.81063444651676
-37.20970276579615,146.81021383071737
-37.20972092648263,146.81020614303583
-37.20984531611578,146.80963757968348
-37.20994745283203,146.80931863036034
-37.210099234272995,146.80880786594676
-37.21006263163414,146.80881486071712
-37.21008614719794,146.8087867818509
-37.21004942794049,146.80882395340402
-37.21008962950638,146.8088510235767
-37.21031966502312,146.80848179230972
-37.21017727324186,146.80817314415432
-37.20991664308806,146.80772681618043
-37.20978508598691,146.80722438220423
-37.20967628180211,146.80673858534712
-37.20890061816415,146.8025656002091
-37.208074057128925,146.79916292276334
-37.20776073104804,146.79890631139853
-37.20750601239128,146.7984861753513
-37.20723462611501,146.79798890609922
-37.207055336977135,146.79758531921638
-37.20684164068527,146.79706361476022
-37.20671292710792,146.79653454370919
-37.20602923589518,146.7925622522182
-37.20503971131883,146.78900452265728
-37.20375068649366,146.78440562814632
-37.20296121212895,146.78048690522
-37.20217430245553,146.77782920928834
-37.20172111405187,146.77544717578746
-37.20148533470071,146.77365450343729
-37.20006272652281,146.7732722037426
-37.19980715735769,146.77323152426266
-37.19753289922174,146.77578095519232
-37.19511182868604,146.77906778589588
-37.19262938586656,146.78221527200753
-37.19067667456399,146.78525479358564
-37.18898375110696,146.78745035187708
-37.18777889165552,146.78906254075216
-37.18695597874903,146.7902691493376
-37.185854461833465,146.79149474281684
-37.185685363169426,146.79167884079556
-37.18332064681899,146.7940989663535
-37.18088656549556,146.79719919237837
-37.17821689933269,146.80068983201585
-37.17629290145356,146.80405287169546
-37.17524327839522,146.80635221211634
-37.17432340234686,146.8084675702702
-37.173821140122506,146.81010675077914
-37.17338223879666,146.81192084143572
-37.173315090008174,146.81222794347306
-37.17287763667963,146.81662668732017
-37.17284402603379,146.82059617334616
-37.17294115311772,146.82483079398017
-37.17340970637545,146.82858597481138
-37.173818854269705,146.83164224770945
-37.173958738852924,146.8321106275738
-37.17404357580252,146.83272719145944
-37.174174943098244,146.83322105521117
-37.174237500346834,146.83363427930382
-37.17449356558372,146.83414416435778
-37.17479879124362,146.83453010931524
-37.17503642815577,146.83479656728161
-37.175276876262174,146.83503146344574
-37.17565043731867,146.83544576186844
-37.17813152699065,146.83781177737606
-37.17852175804825,146.83812940905472
-37.17890288893572,146.8384199760599
-37.179247274527356,146.83869705001868
-37.18208954686768,146.84082309525792
-37.18492370925718,146.84257063153646
-37.18767204058855,146.84365210683276
-37.1891192893605,146.84062784575934
-37.19019641039179,146.8384401570753
-37.19085643112728,146.83661025291843
-37.1914994743163,146.83513247286857
-37.19168904587391,146.83481161258013
-37.192072527179384,146.83450257994062
-37.192101568049715,146.8344916424505
-37.19209402312676,146.83448952579235
-37.19210189848271,146.8344950909276
-37.19212948035697,146.83447186308538
-37.19210854851947,146.8344374621066
-37.192080381402285,146.83444965070336
-37.19211773565902,146.83442526158314
-37.19210794165541,146.83442367033567
-37.19208898037078,146.83439408830773
-37.192437927329195,146.83415867099475
-37.1928367945251,146.83396785113794
-37.193216317529824,146.83370672074662
-37.19349174515212,146.8334646905207
-37.19381084231527,146.83334074937633
-37.19417484556736,146.83352023927438
-37.194184475297995,146.8334819517901
-37.19415365735865,146.83349103366575
-37.19419006670106,146.8334809523017
-37.1943419805973,146.8340105594209
-37.194390932826565,146.83447447235665
-37.19437848276109,146.83495760297265
-37.194301231400345,146.8353724742486
-37.19401667652818,146.83584589012517
-37.193769337114915,146.83625264191852
-37.19361949911794,146.83664421869003
-37.1933825852991,146.8370302027474
-37.19312504787623,146.83759959972411
-37.193062733559486,146.83795299442636
-37.192901237753595,146.8385234713193
-37.19282271810527,146.83903662445718
-37.19286345496065,146.83901774799554
-37.192852702495784,146.83900034737658
-37.192880965787396,146.83898733269663
-37.19289607517616,146.83900321073804
-37.192894076849164,146.83900242708862
-37.19290045595097,146.8390051216813
-37.193101631025776,146.83936950760253
-37.19351550997904,146.8397401734552
-37.193541674735876,146.8397688927944
-37.193533114772215,146.83977877738832
-37.1935467295629,146.83977854885194
-37.193560872273885,146.8397553266696
-37.193551502343496,146.8397652626016
-37.193567273269345,146.8397567624851
-37.193562383652086,146.8397736930082
-37.19354702668744,146.8397411059294
-37.19358422942553,146.83971179867322
-37.193569360670736,146.83968445597318
-37.1936079418461,146.83970068340233
-37.1936842494055,146.8391214652998
-37.194022183887746,146.8347373938172
-37.19407360674466,146.83439303681476
-37.19421555456242,146.8339904397045
-37.19437677478323,146.83345285742783
-37.19436458714469,146.83341637590837
-37.194334714224176,146.83340958481855
-37.19430702107179,146.8334417525677
-37.194305057162424,146.83341218330602
-37.194306247861654,146.8334191304797
-37.19430980589963,146.8334414180038
-37.194674834583466,146.83339429868263
-37.195063890330346,146.83346331425906
-37.195443822973886,146.83313748225171
-37.195371985543545,146.8325572415657
-37.19534446811686,146.83191185668193
-37.195223663283855,146.8314317345242
-37.195076424899916,146.831023546066
-37.1944481415553,146.8272220374313
-37.19334828951609,146.82300331924932
-37.191920383023636,146.81894312459318
-37.19082876872522,146.81588747867931
-37.189488341122406,146.81365574863145
-37.187934855769846,146.8136643340041
-37.18644275822334,146.81378258397552
-37.18496379012621,146.81362934449598
-37.184801377822055,146.8132848106105
-37.18280519347549,146.809582439065
-37.180661399325906,146.80644040868228
-37.17858771553148,146.80239133722014
-37.17661673087222,146.79946357196326
-37.175339497173255,146.79717490967835
-37.17401577509255,146.7955481559987
-37.173080271291816,146.79458611082012
-37.17195651678598,146.7937032272506
-37.17170964011795,146.79352104960557
-37.169533519910445,146.7909509829989
-37.16703158433292,146.7875590221061
-37.16424600140752,146.7842248539544
-37.162096305727665,146.78111444773936
-37.160673052165265,146.7783449530493
-37.15952815171893,146.7762205336449
-37.15887396735452,146.77489982177494
-37.158081454328446,146.77344138950596
-37.15779297901016,146.7729997613507
-37.15746956063346,146.77274161610458
-37.157212284571344,146.77247731914326
-37.15724289143364,146.7724750725738
-37.15706195332229,146.771973730994
-37.156949220713166,146.77136828244377
-37.156927559457394,146.7708714948597
-37.1567983753242,146.77032719524516
-37.15595282347817,146.76608229248518
-37.15508357330514,146.76198385020516
-37.15400427005901,146.75757832564258
-37.153909828725325,146.7569660052952
-37.15384452054971,146.75638272297783
-37.15369840789056,146.75599169280775
-37.15371017197161,146.75596996937927
-37.15370393227355,146.755964782778
-37.15368651813195,146.7559938470848
-37.1536878377684,146.75595527976586
-37.15370861924252,146.75593550557258
-37.15330137514536,146.7559560711029
-37.152933479628224,146.75592624882702
-37.15256199234376,146.7557672548767
-37.15206124828474,146.75577577371703
-37.15160878542061,146.75577829117518
-37.15116350210684,146.75587158600467
-37.15076980936056,146.7559521455292
-37.150360806755394,146.7559512709142
-37.15033278926282,146.75595494830068
-37.15034577921842,146.7559688167247
-37.15032719531009,146.75593912639584
-37.150365308829784,146.75589916444105
-37.15038863143884,146.7559249767966
-37.150269849877375,146.75552883936606
-37.150201545228164,146.75514312012584
-37.150138777294,146.75463487482094
-37.150098020142956,146.75421608649987
-37.1501517120519,146.75367536690442
-37.150102726065406,146.75326799507576
-37.15007085363177,146.75289426121535
-37.15009039863157,146.75252409566443
-37.14969798666758,146.7521237344343
-37.1470988117049,146.7485724750304
-37.14716318374596,146.74818461956525
-37.14731561835073,146.74777209271383
-37.1475455441118,146.74726624630077
-37.14764828586914,146.7467322072306
-37.14764178378304,146.74673929079756
-37.14764801167338,146.7467671103226
-37.14763151088658,146.74679324068308
-37.14765744360417,146.74683234235067
-37.14767637934408,146.74682399006596
-37.147662751630556,146.7468423127698
-37.14734036885095,146.74673776998364
-37.14734178116351,146.74674157400287
-37.147337393274675,146.7467134510808
-37.14731021324521,146.74671338044632
-37.147348801712575,146.7467156502772
-37.14708173162325,146.7464461907908
-37.14672624282454,146.74615464927825
-37.14645760075858,146.74599071276924
-37.145981395733386,146.7458696180581
-37.14561464355492,146.74587801967562
-37.14564266925968,146.74588648671664
-37.14564890235288,146.745853922921
-37.145665607367825,146.74585299220843
-37.14568035136062,146.7458839828292
-37.14568091759928,146.74591286071646
-37.145357371324906,146.74622327182462
-37.145059215676625,146.7465937998987
-37.14487642500832,146.74707228227766
-37.14310864146242,146.75117210614988
-37.141587777267894,146.75483307424716
-37.13969596450678,146.7590170307236
-37.139554594863334,146.75957417019828
-37.139482478645206,146.7599757631394
-37.139455899231855,146.76041575869365
-37.13928837907483,146.76088158127035
-37.138998689991155,146.7614154275818
-37.13892590603699,146.76179519859673
-37.13886466219064,146.76220782539508
-37.13875590160906,146.76260586753622
-37.13873760049634,146.7630106085849
-37.138555220292936,146.76360672414538
-37.13837440197327,146.7641524401935
-37.13819671662706,146.7645783329436
-37.13786513116411,146.76504906606064
-37.1376329464647,146.76537427011232
-37.13727490485572,146.76582356551236
-37.13695413042131,146.76619441832344
-37.13680339135388,146.76660448010878
-37.136575679399286,146.76707809234082
-37.13644823038893,146.76760424456384
-37.1363379494521,146.76800116718428
-37.13634682238389,146.76865313092145
-37.136390854334365,146.76910365423237
-37.13635528477711,146.76957679022215
-37.13644699645638,146.77023076281802
-37.13659191824634,146.7707637371928
-37.13670894116823,146.77126873279195
-37.13674812062098,146.77125063001023
-37.13675966508855,146.7712562451865
-37.13678780467554,146.77122140634398
-37.13677650011756,146.771256066667
-37.1369700849675,146.7718075924352
-37.137063301164,146.77240227955267
-37.137297841269024,146.7729918674482
-37.13746188640608,146.7735104031545
-37.13761663314348,146.77405605499666
-37.1377678891269,146.77440248720845
-37.13778059542836,146.77442262651323
-37.13780105933713,146.7744312042318
-37.137779584592046,146.7744061817649
-37.13776403644156,146.77439289979932
-37.13777076511267,146.77492352113538
-37.13774617158752,146.77548360696846
-37.137673194875774,146.77580752980805
-37.1368862472776,146.77932174378074
-37.13611284312722,146.7831317413991
-37.13458256056617,146.78703683417777
-37.13330749700596,146.78980600907389
-37.132317881914005,146.7925532804672
-37.1317990294463,146.79452682478717
-37.13128416250257,146.7962718160857
-37.13081382165676,146.7978774618811
-37.130744267988426,146.79818417701054
-37.130379341209384,146.801979965206
-37.130101864855696,146.80649366178218
-37.12954540482272,146.8102152356711
-37.13007601196466,146.8137638793305
-37.1300162890246,146.81432459881822
-37.13001492903976,146.8147004969183
-37.12992158481526,146.81520194987212
-37.129915359078296,146.8157682731022
-37.12987701670944,146.81638376303079
-37.12987402986008,146.81689320936246
-37.1298780575487,146.81734098292375
-37.12999467076253,146.81789586485863
-37.130193999027725,146.8184466313411
-37.130311086966834,146.81895773138277
-37.13041121175443,146.8193300366553
-37.13054080428954,146.81975297279445
-37.13063140060488,146.82016274557037
-37.13078160015325,146.82054922375949
-37.130957461979584,146.82087292096844
-37.131260702365054,146.82127611308283
-37.131231435549964,146.82127256774874
-37.13159345475205,146.82146346959726
-37.13188281458531,146.82176912293315
-37.132172381542816,146.8220113506571
-37.132410323548605,146.8223660437824
-37.13477918556898,146.8253894249392
-37.134655943507695,146.8258284804255
-37.13464952016799,146.82624913206803
-37.1344971711322,146.82683044626043
-37.13437518937383,146.82727633403454
-37.13426085911003,146.82775098511084
-37.13424905029019,146.8282319288593
-37.13408466064271,146.8288146398599
-37.13329203212944,146.8332046022851
-37.132628326214125,146.83672077213916
-37.13265825215113,146.8371148818291
-37.132743050986676,146.83770558864154
-37.1330314762612,146.8379313333638
-37.133481330432765,146.83803926671928
-37.133866915889406,146.8380725584069
-37.13429428324729,146.8380136237962
-37.13780479681379,146.83706449605953
-37.14129665223511,146.83540662738883
-37.14167351938397,146.83508937590742
-37.14188511857181,146.83486677168406
-37.14459090809073,146.83246928251262
-37.147218913059994,146.83060101431988
-37.149809638656315,146.8289233013014
-37.15195498158931,146.8272999420563
-37.15410695419771,146.82544785227074
-37.15555790016926,146.82443019242635
-37.15585808370716,146.82415388274495
-37.15623576251644,146.82396294281543
-37.15653501702761,146.8238762709388
-37.15694728888413,146.82361938631462
-37.15731655222998,146.8233997605229
-37.157606283440614,146.8231487493039
-37.15791468168417,146.822683630554
-37.158290304134056,146.8222634463124
-37.158538850166785,146.82170116486452
-37.15883937430248,146.82128559775995
-37.15915504685151,146.82083635889904
-37.15952380287241,146.82046205659955
-37.159812038182665,146.82015519121614
-37.159841752643466,146.82012501236673
-37.15985288589525,146.8201600403873
-37.15988463861838,146.82014302064783
-37.160218547607066,146.82058255300194
-37.16035835305501,146.8209304389159
-37.16045001948924,146.82126909959524
-37.160559543641774,146.82176443508718
-37.16063246406697,146.8221099687802
-37.160724904727694,146.82263348930636
-37.16084398915722,146.82300288460604
-37.16061897087164,146.82346820542193
-37.160520221719324,146.82384479060158
-37.160241703620436,146.8243702027208
-37.15996660195235,146.82475824299829
-37.1576536763446,146.82764036890663
-37.15559598747199,146.83007029160035
-37.15357341325914,146.8327064881462
-37.15184779830053,146.83588440410543
-37.15045643216534,146.83798835943767
-37.14932232966335,146.83945726222436
-37.148530987575384,146.84077437007164
-37.147498358001705,146.84211201885026
-37.14729962444135,146.84239294998875
-37.145756281484836,146.84545013054978
-37.144164865007674,146.84849268220506
-37.14223187930399,146.85215645091847
-37.14054661156535,146.85487779250053
-37.13896142256666,146.85746420164466
-37.13769536392957,146.85925662818025
-37.136904181538526,146.86060604746774
-37.13574802746906,146.86111977843672
-37.13532635408205,146.8613561554659
-37.135011329589055,146.86149707297616
-37.13461373578257,146.86153546191986
-37.13425016218427,146.8615478296071
-37.13399567772301,146.86196460316592
-37.13401063330356,146.8619848898223
-37.134013709871425,146.86197457745868
-37.13398554348687,146.86201638794503
-37.134017837520645,146.8619787643685
-37.13400985821931,146.8619488976814
-37.13400662851757,146.86191860232242
-37.13401252839905,146.86188715754702
-37.13433409448533,146.862188227123
-37.13467613453493,146.86249322322183
-37.13492426169103,146.86274374385277
-37.13493871538602,146.86272478395685
-37.13528996068904,146.86314588908985
-37.1352514459243,146.86316988324847
-37.13523178791769,146.86320274981603
-37.13522582436361,146.8631827858229
-37.13526086921399,146.86322134448537
-37.13529037109861,146.86325208692116
-37.13566101457989,146.86359168577806
-37.13607725893845,146.86381645311764
-37.13643664040259,146.86397308780278
-37.136720171316526,146.86416862048858
-37.137180662887516,146.86444068304044
-37.13754556581639,146.8645455502984
-37.13797010015701,146.86466874256394
-37.138371632283246,146.86475636320915
-37.138785266842646,146.86474496222385
-37.13914071458922,146.86474145178374
-37.13957147710204,146.86477565508562
-37.1399214967037,146.86482863157974
-37.14023395806068,146.86487065173685
-37.14065228624485,146.86477097970536
-37.14110089641632,146.8648474307119
-37.14473935448385,146.86520732932098
-37.14768652782859,146.86450096262212
-37.150516125382445,146.86321482167673
-37.15366608939835,146.86221168241403
-37.1563091391568,146.86179064745
-37.15787335207424,146.86164386629696
-37.15901973529221,146.8613677284452
-37.16047687345063,146.86083062308643
-37.16076470500449,146.8606995956637
-37.16109343212411,146.86062948854524
-37.1614034153767,146.86049041389958
-37.16168919965314,146.86047958000816
-37.16202091588877,146.86048612251477
-37.16247928373857,146.8604869851511
-37.16285175879506,146.86046079896266
-37.16316708960921,146.8602574145465
-37.16363390316024,146.86019288267576
-37.16399339492576,146.86020353874915
-37.164495661793964,146.8601418200798
-37.16483099822871,146.8601281186072
-37.167758751979555,146.86055687835153
-37.169535989504766,146.85692344185526
-37.17112335861675,146.85286363373655
-37.172387076240554,146.8497228985495
-37.173407096348896,146.8472260100898
-37.17435848511665,146.84516068157694
-37.17492527671152,146.8436205760286
-37.17606518970894,146.84389876841084
-37.176289560349055,146.84399282562146
-37.179964037173605,146.84496223373125
-37.183051890544675,146.84633230679452
-37.1857810360015,146.84741604708455
-37.188310685183744,146.84812357372948
-37.19049402557735,146.84858260597935
-37.192469333788125,146.84892176436426
-37.194036663035774,146.84931265761082
-37.195145421776125,146.8490154325227
-37.19541915008167,146.84887761437398
-37.19846255428587,146.85120852153995
-37.20076158960145,146.85334747421658
-37.203668781042715,146.85623752867636
-37.20572724675772,146.85844408507975
-37.207655720705965,146.8604350745787
-37.209420869673835,146.8609241541427
-37.21072446452644,146.86141395873227
-37.21117822485304,146.86158998798413
-37.21151919800255,146.8617941574845
-37.21196585952035,146.86185998434576
-37.211983442512945,146.86184431279978
-37.21200037515814,146.86188160399522
-37.21199977223916,146.8618746553556
-37.211981403652445,146.86191474512339
-37.21198073077302,146.86191034653302
-37.21194593175012,146.86189264206513
-37.21196139878179,146.86186601662257
-37.211967775581456,146.8618438870817
-37.21198005779565,146.86187077722764
-37.21198523654021,146.8618465104955
-37.21196412942368,146.86188337704343
-37.21218170557848,146.86226735377755
-37.21256775778046,146.86271270306472
-37.21292092822121,146.8631062740621
-37.21552895053967,146.86653318385441
-37.21801708761923,146.8697172668555
-37.21845284285025,146.86985076615872
-37.21879765124096,146.87016020864405
-37.221374293984184,146.8724062212358
-37.2230604827463,146.87630128130132
-37.22444531704116,146.87974071429542
-37.22573368027721,146.88267148473716
-37.226790414253685,146.88493222325368
-37.22767852631381,146.88703108920677
-37.22784533267767,146.8875114988861
-37.22802424779621,146.88783793984226
-37.2281755469115,146.88826971756114
-37.22850506372802,146.88844664187693
-37.229009986381925,146.8883787348146
-37.23246222741053,146.88845319059268
-37.232841961344825,146.88839336420202
-37.23333046566512,146.88826069608615
-37.233665870878305,146.8880905513214
-37.23398141421074,146.8879742377026
-37.23438941407488,146.88791689574646
-37.23488517544829,146.8878816257493
-37.23524028596153,146.8877716729577
-37.23567382902105,146.8875018317263
-37.23613980496294,146.88727243448636
-37.23634072200399,146.88675150813827
-37.236665932402666,146.8862751571443
-37.23684668068078,146.88591349607685
-37.237091948125645,146.88551986561694
-37.237291847282336,146.88524140460086
-37.23997943366251,146.88287469786937
-37.24237919219854,146.88008879850656
-37.24460452131611,146.87681336078916
-37.246661974785695,146.87405229337935
-37.24808204796905,146.8719015543494
-37.24923134655392,146.8698484211705
-37.25012164669347,146.86837707799563
-37.25103476793424,146.86720302778988
-37.251197629456655,146.86703293129904
-37.2542318645509,146.86743648746724
-37.257620063946305,146.86958416764165
-37.26088672637612,146.87158301889863
-37.26369451075821,146.87366186227592
-37.265975540301106,146.87497695052858
-37.26757317018318,146.87616262470684
-37.26870741775238,146.87667082640527
-37.269117401922266,146.8769208204722
-37.26952003755366,146.87719896852343
-37.26955602248131,146.87721250643224
-37.26952800866418,146.87725368973184
-37.26956458895263,146.87721763088243
-37.269523821532104,146.87724761737869
-37.26928110618994,146.87747493573391
-37.268891862068976,146.87767525573892
-37.265776152236825,146.87898772897796
-37.26220993110398,146.88093833275454
-37.25895625774623,146.88228816201166
-37.25662079386515,146.88352086040746
-37.256282529336254,146.88366907157186
-37.25582434492508,146.88376188882793
-37.25549956240239,146.88371012825525
-37.255034625555865,146.88376833389668
-37.25464539258617,146.8836882050631
-37.25419556898981,146.88376797979907
-37.25064324989274,146.88425872379054
-37.247400398581675,146.88497473779634
-37.243581273663445,146.88581816199599
-37.24062130972862,146.88664865977586
-37.238316348623144,146.88703369995184
-37.236324118204486,146.88763170998428
-37.23586875148883,146.88778915712808
-37.23551737799261,146.88790532955574
-37.235177670018665,146.88791960583683
-37.23263597506323,146.88960252065078
-37.22916802866253,146.89151495137997
-37.228721486836434,146.89171788828764
-37.22832211390061,146.89181324851083
-37.227940515052445,146.8919222417932
-37.227601402826025,146.8919117044312
-37.2271542698677,146.89195869435494
-37.22717615990089,146.89192745285223
-37.22715881122831,146.89192927757276
-37.22715747662765,146.89193218391114
-37.22693944716673,146.89239989590027
-37.2267379189886,146.8928669137874
-37.226640486099264,146.8934210341068
-37.226403417628234,146.89401322470218
-37.22639359248728,146.89402224706157
-37.226391184756494,146.8940428648089
-37.226359979060646,146.89404268615598
-37.22641793741124,146.89454571250326
-37.22653900779133,146.89494876209147
-37.22783265190602,146.89834112838696
-37.230044060290645,146.9021123458525
-37.23273120838439,146.90556049656385
-37.23454414196933,146.90763892134422
-37.235975065775975,146.9094271275857
-37.23741968397885,146.9106540634845
-37.23772244979208,146.91114175756442
-37.237751463046536,146.91110548226408
-37.23774495907893,146.911097028343
-37.23778331149894,146.9111319646222
-37.23777493028704,146.91112967615712
-37.23776405244412,146.91112844578956
-37.23774661426431,146.9110939811118
-37.23776967053053,146.91111183975138
-37.23775355724109,146.91113149213436
-37.23774016547413,146.91114002814464
-37.23771957500335,146.91114521752314
-37.2376973123677,146.91113848779952
-37.23766776548179,146.91116583331183
-37.237660423892166,146.91118944163364
-37.23767028060561,146.9111534352074
-37.237699510471685,146.91113486724905
-37.23766436139964,146.9111015799739
-37.23765144885721,146.91113775140886
-37.237932754208295,146.9109215429197
-37.23826673316852,146.91052272460598
-37.2386249842647,146.91012154176738
-37.238925204168844,146.90988061376834
-37.23889438147868,146.90985399776932
-37.23885912520711,146.90983823196837
-37.23884277107385,146.90987818811425
-37.23884719135093,146.90991784774278
-37.23885820206261,146.909930949993
-37.23887090960166,146.90994139562346
-37.23885403983158,146.90994168592968
-37.238857422269,146.90996404751428
-37.23888431032303,146.90994142937294
-37.23885448428112,146.90992332140505
-37.23883514167024,146.90989402932394
-37.23881052794267,146.9098866325894
-37.23882722258939,146.90989476221708
-37.23878795956216,146.9098555381492
-37.23876644282808,146.90983372903517
-37.23877055996076,146.90979975447428
-37.23876854495119,146.90979645339692
-37.23907178740102,146.9099130441137
-37.23947350379665,146.90990114552554
-37.239799554937306,146.9099341381075
-37.23979640908037,146.9099347422267
-37.239803029928424,146.9099683890543
-37.2398188472142,146.90993445788646
-37.23980046784201,146.90992292815488
-37.23980205476903,146.90994930774573
-37.239835209846134,146.90994999492483
-37.23985436255986,146.90994412692478
-37.23985993459609,146.90995976158385
-37.23988590014168,146.9099248850265
-37.23985326635658,146.9094577176782
-37.23988866726265,146.90578384908744
-37.23986072617767,146.9054310823732
-37.23986814373159,146.9049319902799
-37.23985071100358,146.90433322640217
-37.23986617498347,146.9038239721617
-37.23989169794221,146.90332156939743
-37.23988717117025,146.90295916133422
-37.23977482863654,146.90253846258548
-37.239787057605625,146.90251562711117
-37.23975152497723,146.90248707641265
-37.23978045353947,146.90246914943532
-37.2397489781858,146.90247773926941
-37.239712215912746,146.90250153011758
-37.23969218449321,146.9024734103099
-37.2394777658473,146.90275552031517
-37.239125798409475,146.90306599227202
-37.236304188798584,146.9053985365848
-37.233634583915546,146.90813425015364
-37.23103286570665,146.91013822315185
-37.23110770675933,146.91327062199977
-37.23101978148355,146.91619398018094
-37.231152017083936,146.91675424762465
-37.23118363275292,146.91731625597788
-37.23117726777641,146.91730637084305
-37.23120605183007,146.91730212944756
-37.23119914419512,146.91732383403664
-37.23120393388987,146.91728473986703
-37.23120485377358,146.91767430056743
-37.231160942761626,146.9181102215313
-37.23124649139947,146.91853428924804
-37.231238507589666,146.91899448327396
-37.23123341090218,146.91896489234054
-37.23124083480843,146.9189384952387
-37.231636522756084,146.9193469401901
-37.232005687297715,146.91968754827136
-37.23236042791695,146.91992932386995
-37.23256092617248,146.92016018704544
-37.23296516048751,146.92049541858734
-37.23330216302365,146.92072960904707
-37.23360258300461,146.9208482658591
-37.23395643235566,146.92096743943515
-37.234274866268926,146.9210632363097
-37.23462285002957,146.92102994079175
-37.23502818785874,146.92092257229004
-37.235428617358636,146.92092503468422
-37.23584515263963,146.92097573186672
-37.2361190792097,146.92102601369362
-37.236415813569884,146.92099278805904
-37.23670300936601,146.92095054576137
-37.23668801087445,146.9209371668898
-37.23712955560783,146.9207478511364
-37.23741865184545,146.92053837052464
-37.23783316081255,146.9202704482275
-37.2381749608181,146.9201026823414
-37.238551669664915,146.91987051530967
-37.23892419767905,146.92025256602415
-37.238903857415195,146.92025595121342
-37.23894124985611,146.92025705418405
-37.238956713586035,146.92022630572694
-37.238968474332395,146.9202054533145
-37.23897291548076,146.92020150541057
-37.2389888764239,146.92017707797075
-37.23895756729897,146.92016483822727
-37.2389968243152,146.92020249632282
-37.239001235979984,146.92019628889764
-37.23897491384823,146.9201576042194
-37.23899433940854,146.92013948505954
-37.23900070246679,146.9201644171749
-37.239013003652914,146.9207367354515
-37.23891499495083,146.92117628042962
-37.23880941151408,146.92174439549973
-37.23875999312145,146.9222162169
-37.2385770987514,146.9225958315764
-37.238338680418266,146.92298737945316
-37.237971879677346,146.92332772238
-37.23795089112157,146.92331894831932
-37.237950481787024,146.9233412584941
-37.23798371438718,146.92331749524618
-37.23801977213902,146.9232828655789
-37.2376554030828,146.9230810057331
-37.23725848262916,146.9229063769361
-37.236863009454574,146.92260463679594
-37.23653370986562,146.9222907126061
-37.236333038292884,146.92203455487032
-37.23650898079933,146.91816737550573
-37.23956910096246,146.91629924926326
-37.242783426139994,146.9141421328911
-37.24538465141441,146.91240838478006
-37.245802111492274,146.91227186405527
-37.24612165211861,146.91220354991123
-37.24662042110736,146.91219847735516
-37.24664041616226,146.9121872209184
-37.24664924788272,146.91221859038492
-37.246665505569865,146.9122007855116
-37.246972727650466,146.912081890062
-37.247404295806554,146.91189452624818
-37.24782115671303,146.9117275522082
-37.25082973150896,146.9105651214358
-37.253530857078395,146.90879535147974
-37.25697378223352,146.9067475263281
-37.25964041440915,146.90491135090184
-37.26174760060181,146.9036282651913
-37.26338471554687,146.9027566381676
-37.26472586484275,146.90195964155237
-37.26596540776475,146.9010344333998
-37.266441301047394,146.9007158955934
-37.26679916557533,146.90034538470059
-37.26714048570206,146.9000465805544
-37.26748963735857,146.8996572543361
-37.267840164602156,146.89952804515457
-37.26818305446304,146.8995133462339
-37.26851547642321,146.8994927478146
-37.26884183343767,146.89940501151816
-37.26916543548183,146.8993068301563
-37.26950733303416,146.8991073080684
-37.269894172062884,146.8987954559348
-37.27023142941749,146.8984338792655
-37.27052880749167,146.89808356409807
-37.270752540977206,146.89760356395158
-37.27108576559014,146.89719047251128
-37.27137203789882,146.89698730085965
-37.27181297681427,146.89676155799597
-37.27207065148509,146.89652998778647
-37.2720933642922,146.89655124817614
-37.27208386886164,146.89657073442177
-37.27206806270688,146.89659401364727
-37.272050877191894,146.89656862531723
-37.27205036082258,146.89659734236773
-37.27202042092378,146.89663078287592
-37.272046259308176,146.89663227241127
-37.27203485668,146.89662621491019
-37.27203308108558,146.89659194374244
-37.27202997810662,146.89659470478105
-37.27200246447279,146.89656847115222
-37.27201913808998,146.89657128469494
-37.27200534261882,146.89659881368667
-37.272002947763184,146.896636625299
-37.272010771522794,146.89660093351858
-37.27205032229334,146.89657027321707
-37.272073445393374,146.89657851242072
-37.27249726563582,146.89666433519724
-37.27286729478116,146.89669731839598
-37.273253888532146,146.8967641565006
-37.27366450321937,146.8968060950157
-37.27409634159632,146.8968773542295
-37.27458230673108,146.89700496471738
-37.27505016048416,146.89717274674942
-37.27547153153111,146.89724395353335
-37.27573149238371,146.89764194825634
-37.2759892982375,146.89805717932762
-37.276130586767096,146.89848145679835
-37.27619535584053,146.89885587884973
-37.27622120364254,146.8994524807714
-37.276570380704925,146.90427674260752
-37.277053250225286,146.90902076018347
-37.27697323205663,146.9126914427905
-37.27639411668292,146.9162438216966
-37.27545724418236,146.91916112391993
-37.2753428435157,146.9216166993108
-37.27519735001492,146.9220389996296
-37.2751144962949,146.92241133635196
-37.27498008160854,146.92279589170366
-37.274865636968286,146.9231459765903
-37.27481325790609,146.92370470077958
-37.27464041953634,146.92429748852174
-37.27444869389767,146.9246179818806
-37.274423923114504,146.92458314192476
-37.27444233335115,146.9246166195865
-37.27441896620202,146.9246437097311
-37.27441278776914,146.92461132370403
-37.27444465409216,146.92463666075278
-37.27440884316044,146.92459608326556
-37.27438291074003,146.92457957018294
-37.27437262153675,146.92455710275618
-37.274384791083804,146.9245403577615
-37.27455358057789,146.92406116482866
-37.27474477069852,146.92376204178785
-37.27502225102397,146.92346424134266
-37.27544006148905,146.92306437902906
-37.275695168085775,146.9228025652959
-37.275940255431394,146.92245197465027
-37.276258820713004,146.92198438243608
-37.276473524400075,146.9216672048455
-37.276716577940356,146.92114079931468
-37.27690076022438,146.92069323294672
-37.27700851155107,146.92008902052612
-37.27765499117302,146.9160007391184
-37.27812492917396,146.91136646388625
-37.27801155414508,146.91084174594184
-37.27783374716656,146.91036064694038
-37.27765694534974,146.90995483870387
-37.27764438027852,146.9099503449804
-37.27761365459531,146.90996845772838
-37.27764982286067,146.9099804671616
-37.27762675774441,146.90993978079612
-37.27765984131718,146.90994249193065
-37.27767584203668,146.90991883414878
-37.27764253841204,146.90988731789278
-37.27763428236861,146.90991837616554
-37.277615183694955,146.90992458469572
-37.27765362633258,146.90989594191154
-37.2776890243185,146.90986083443534
-37.27770150177768,146.90984068126178
-37.27770916265337,146.90982710179605
-37.27772393779281,146.9098198404246
-37.27769274000848,146.90983944387682
-37.27772377031113,146.90981832263054
-37.27770918010867,146.90984617106292
-37.277683097294435,146.90984805289426
-37.27765062754247,146.9098764481268
-37.27766994244334,146.90987678320508
-37.27764770596243,146.90986441878727
-37.2776800986984,146.90984446931125
-37.27768946489079,146.9098767558779
-37.2776499408574,146.90985037778438
-37.277681924051514,146.90988105254715
-37.27766609954959,146.90991560488294
-37.27766378987564,146.909915485137
-37.2775152675857,146.9104407105667
-37.27727925054804,146.91096510034154
-37.27763182855699,146.9145366979735
-37.27818114907783,146.91844460385536
-37.27816578360098,146.91889178000287
-37.28004889239552,146.92202784406098
-37.280993971612084,146.9262754036762
-37.2818671979168,146.9297263686279
-37.28226723692097,146.93305662167523
-37.28214200258675,146.93645135088514
-37.28216779637194,146.93844140704272
-37.28220371254278,146.93880342669823
-37.28229135551272,146.93924586065984
-37.2824258211096,146.93965164179215
-37.28249930811633,146.94026083115276
-37.282544571553565,146.94067974879897
-37.28255526557127,146.94066873764365
-37.28257058200625,146.94063503825592
-37.282562237445156,146.94061594153933
-37.282535935214945,146.94058944649797
-37.2825251240343,146.94061625791815
-37.28252359320228,146.94063308746982
-37.28255113320984,146.94062199230302
-37.282568334535604,146.9406434093645
-37.282606271242045,146.9406031508442
-37.28264117828466,146.94059639475205
-37.282629388745775,146.9406177682404
-37.28262018300074,146.9406124684909
-37.28263839913894,146.94058556640215
-37.28266305355759,146.94059057558923
-37.282674615318605,146.94062676428462
-37.28263193550793,146.94059252493022
-37.282257485992076,146.94079333206565
-37.28198023004445,146.94099814804986
-37.281571942474606,146.94121573266128
-37.281126837172586,146.94140080432126
-37.2808029597054,146.9414452233347
-37.28043210615159,146.94158094126323
-37.28010184512299,146.94155253847427
-37.27976644565927,146.9416191096433
-37.279346076644345,146.94137826850147
-37.27911002524868,146.94107660237762
-37.27884689585866,146.94065813691066
-37.27859901668539,146.94030264245256
-37.276976282590695,146.93705982269455
-37.2750415878713,146.93401276222053
-37.27212133011768,146.93234075131218
-37.26938748231289,146.9335403208262
-37.268940778662106,146.93369074053263
-37.26862935754115,146.93380867461795
-37.26824887022038,146.9340866494921
-37.2679139843385,146.93439439179733
-37.26753976939019,146.9348511314739
-37.26729750099722,146.93527790247435
-37.2671067777075,146.93571433970052
-37.26687841298914,146.9360869203657
-37.26691594503054,146.9360552855657
-37.266802756004815,146.93637605939787
-37.26668447068209,146.93696963754246
-37.26660170053594,146.93743115419176
-37.26638714853529,146.93787987093341
-37.26621999720042,146.93820471297326
-37.26593346528997,146.93844457609913
-37.26565111966729,146.93862796149884
-37.26521801601158,146.9388475190066
-37.264815939306025,146.93917156279846
-37.264480401218144,146.93940513670861
-37.26410043130075,146.9397973172139
-37.26382516100285,146.94024655647166
-37.26348532842556,146.94062512430895
-37.26326579722056,146.9408013322536
-37.263013598226856,146.94100905513523
-37.26272768618527,146.94112000462033
-37.262385560181585,146.9409150404911
-37.26192270131102,146.94077074831395
-37.261567649206334,146.94059583081884
-37.26109895835326,146.94053589490431
-37.2606507876902,146.94050194955275
-37.26028749065813,146.94016664765385
-37.25997551223138,146.93970599081638
-37.259625165828446,146.93942785048318
-37.25920754160762,146.93908684612262
-37.25893390610852,146.93868803375784
-37.25864783656882,146.93827696576298
-37.258346529364026,146.9379220309158
-37.25804756079325,146.93741832745664
-37.25790298696307,146.93691487815283
-37.257728577714175,146.93631358977947
-37.257700196971854,146.93628619531685
-37.25767508974215,146.936256699048
-37.2576509514823,146.93624420468848
-37.257666363183134,146.93625667958784
-37.25766209869902,146.9362750888551
-37.257691433889605,146.93631254164202
-37.257663738775584,146.93630187136282
-37.25763616819768,146.9362902367576
-37.25757248617081,146.93583466630872
-37.25718976027946,146.93567277956666
-37.254355167816286,146.93452158559595
-37.25076356406555,146.9328540203285
-37.247403071582944,146.93169154884916
-37.2446249257178,146.93011800329003
-37.24256561088839,146.9287086519547
-37.24056505605784,146.9292070082342
-37.23924263702123,146.92961130079084
-37.23895418589243,146.92979881262292
-37.23855630485776,146.92996786858689
-37.23826723536579,146.93005409930467
-37.237748847594176,146.93015037110047
-37.237328532646146,146.9301480258503
-37.236970990464606,146.93014821368695
-37.23663431465153,146.93015464391505
-37.23633724425012,146.93005346595172
-37.235802532664216,146.9299918368062
-37.23246699771443,146.92993402555277
-37.23201816398308,146.92996675706715
-37.23169945844999,146.93008699948558
-37.23138448625133,146.9300799823182
-37.231049286606705,146.9301991460047
-37.230772218582345,146.9301509603625
-37.2308015678525,146.9301757420425
-37.230822947524516,146.93017853291002
-37.23082482533088,146.93015237243458
-37.230914180406806,146.93058498776713
-37.230919386193634,146.93056357035053
-37.2310499583699,146.93116814549992
-37.23106735144075,146.93173870388813
-37.23110954054174,146.93224791904535
-37.2311156823552,146.93274373174938
-37.23119860653213,146.93312357969583
-37.23133665380813,146.93364309670596
-37.231462112895535,146.93409196485263
-37.2315848695857,146.93458430970412
-37.23176433168277,146.93510833416212
-37.23176100569322,146.93567264150965
-37.23172126503286,146.9360583491545
-37.23095750472446,146.9407574567122
-37.22977516701239,146.94543508586898
-37.22886085383417,146.9491266624769
-37.227023497524556,146.9524491086588
-37.22511222780682,146.9547471906081
-37.2237758507913,146.95638434679717
-37.222935119063976,146.95748327928726
-37.22186982451278,146.9587255531787
-37.22158865332225,146.9589586117632
-37.218437300922176,146.96082790668592
-37.21549937895187,146.96174719886716
-37.212581010577615,146.96251527653268
-37.20950608225822,146.96302369796996
-37.207096042333866,146.96338184634433
-37.20663266643518,146.96339654817817
-37.20343485945015,146.96267835436942
-37.19999034933685,146.96239141935646
-37.19691456973179,146.96153590064068
-37.19658379921466,146.96148446960376
-37.196101053500406,146.9614213387734
-37.192363378384385,146.9604844152114
-37.18934526829546,146.95986120927947
-37.18590380842089,146.95919542461158
-37.18272778911554,146.9583618977978
-37.182427095452574,146.95827520883708
-37.182115550507355,146.95818241302757
-37.18174326710433,146.95815861042993
-37.18175742371505,146.95817972408074
-37.18172941886893,146.95820769868612
-37.18168929230167,146.95821935165253
-37.18166828177094,146.95823109799872
-37.18168456395514,146.95819229642004
-37.181290089723724,146.9580493872117
-37.18129594325073,146.95803549335207
-37.181263779678744,146.95800659145465
-37.18124656584533,146.95796788389822
-37.18121001668246,146.9579661098376
-37.18119456650393,146.95800413455993
-37.181217022455954,146.95797147517692
-37.18124215602605,146.95798362257207
-37.18126981486034,146.95801003672582
-37.18094604581028,146.95825231110246
-37.18070079198271,146.95849124917112
-37.180397954740435,146.958676488247
-37.18004695035073,146.95891342102618
-37.17952708384988,146.95905076242855
-37.17951531672733,146.95902764418236
-37.17952871913703,146.9590193275577
-37.17954064837748,146.9590301159047
-37.179573205700365,146.9590373663472
-37.1793086017913,146.95943742854686
-37.17929706966544,146.95944717806503
-37.179317833892284,146.95941895354588
-37.17930402889695,146.95940684766677
-37.17928312640412,146.95936873479343
-37.17926082567806,146.95939039812222
-37.17925467270391,146.95938446245233
-37.1792231520622,146.95935526005871
-37.1792077436415,146.95934855583016
-37.179221910677036,146.95937897402848
-37.179194294208806,146.95941229658953
-37.17887156086401,146.9592163056949
-37.17863438892217,146.95894958721598
-37.17603706133373,146.9554296964657
-37.17390845312526,146.95234136380412
-37.17160352745855,146.94898853313924
-37.170098351029054,146.94621175083802
-37.1686787769099,146.9440340010813
-37.16935298037404,146.94204366033597
-37.17052161454959,146.9416072132084
-37.17085358590258,146.9401772420719
-37.170926768907314,146.93987698805066
-37.17197937431246,146.935845766932
-37.17325348372805,146.9312064485483
-37.17433785751628,146.92773900677903
-37.175548726875256,146.9247501045283
-37.17668054371086,146.9224536425747
-37.177652682133306,146.9203096599547
-37.17778730253266,146.91997202637177
-37.177774725198965,146.9199350482981
-37.17775113224408,146.9198922758485
-37.17772906875236,146.91988202350825
-37.1779879129021,146.91982011476398
-37.178336741091535,146.91956137744222
-37.17865018465914,146.91935052067004
-37.17886893090786,146.91907608329691
-37.17922132950511,146.9187235042285
-37.1795089337977,146.91828997432546
-37.17969251123438,146.91792940699474
-37.17997102617316,146.9176383841659
-37.18029195865556,146.91728876078488
-37.1805896988287,146.9170133617804
-37.18058514489702,146.91700128276537
-37.18060327648526,146.91699500050683
-37.18058848886068,146.91702405853496
-37.18058720748525,146.91703453666088
-37.180557126163876,146.91702223669648
-37.18058543711936,146.9170358918269
-37.18089757093854,146.91704287883377
-37.181317588417386,146.9170267877837
-37.18165850553336,146.91690833824376
-37.18204947930384,146.91670975238333
-37.18236843638495,146.91657053127835
-37.182762657395585,146.91665689282172
-37.18318292947984,146.91660625886254
-37.18359613696079,146.91662770764768
-37.18363644034723,146.91666287577334
-37.183884560934395,146.9161810455682
-37.18415000071207,146.91561881101714
-37.18431297928134,146.91520072330295
-37.184352774832675,146.91517761938204
-37.184722654111354,146.91502543445512
-37.18503618836651,146.91452252133124
-37.18525935974279,146.91401232492032
-37.18533783240816,146.91355109307122
-37.18541514712641,146.91307837920422
-37.185438979797624,146.9127016140367
-37.18544297827683,146.9120924542852
-37.18549013870696,146.9116639123888
-37.18543778581845,146.9110412010093
-37.18521694075791,146.9069693059005
-37.18507928846142,146.9066035824813
-37.18452748887599,146.90308076469873
-37.18198606844641,146.90073667739324
-37.17965864054783,146.8985199468754
-37.17697823570112,146.89611378931681
-37.17527261268441,146.89423963230712
-37.1741156745145,146.89289176891043
-37.173206187199796,146.89151937600053
-37.17254570538935,146.89020985512573
-37.17240998223136,146.88995671538456
-37.17035253607675,146.88588047742306
-37.16869076771842,146.8825677202394
-37.1683419792964,146.8821122602314
-37.168069968317,146.88166319589703
-37.167823181816416,146.8811021447767
-37.167624067841295,146.88055490038033
-37.167417824600996,146.8801676610489
-37.16708887321696,146.87980376322596
-37.167098437747455,146.87984057441415
-37.16711358687591,146.87984385846883
-37.16712602732907,146.87987188754235
-37.16710436543908,146.87983947717444
-37.16710661973838,146.8798551815324
-37.167115687402124,146.87986532606033
-37.16709448446792,146.87988124987208
-37.1671138290802,146.87987256346918
-37.16714285121722,146.87987007588245
-37.167154905756625,146.8798543495996
-37.16712217877025,146.87985432881914
-37.16711414088989,146.8798576902489
-37.16707604581898,146.87987311833592
-37.167083705954205,146.87988498344902
-37.16709997035897,146.8798815286321
-37.167130266224866,146.87987245002992
-37.16710668886011,146.87986831485424
-37.167130224042765,146.87988172146817
-37.16714731715093,146.87987667297284
-37.16718595848577,146.87989940001776
-37.16719146256439,146.87989749924327
-37.16717292761167,146.87986098695092
-37.16716832348028,146.87989637358237
-37.1671898677014,146.87988411819455
-37.167216762154084,146.87984679190149
-37.16765500922735,146.88002649466063
-37.17041037637853,146.8807809784929
-37.17333518801962,146.88131910506908
-37.17666315778454,146.88218790904463
-37.1793423272261,146.88279667011952
-37.18160993266392,146.8835137371805
-37.183372490410505,146.88365871229777
-37.18456688372981,146.88365120289208
-37.185751489173036,146.88374223077474
-37.186046706891865,146.883712592342
-37.18953731516394,146.88386867494242
-37.189910464699125,146.88378274085778
-37.19329112116118,146.88306160075032
-37.19498410389193,146.87958045031772
-37.19700216835814,146.87547387131355
-37.19859548358627,146.8726547893213
-37.19862668152136,146.8699780438391
-37.20024412183562,146.8682125495891
-37.201312781517366,146.86716632389138
-37.20282077578508,146.86729514186408
-37.20302929509861,146.86753052916862
-37.20572060636871,146.86956547749767
-37.2089565632631,146.87204562404025
-37.21236060533587,146.87392861895947
-37.21486602118761,146.87573140145824
-37.217142853727886,146.87690037542984
-37.21918434032582,146.8775237293484
-37.219511273019144,146.87755950164922
-37.21953190333272,146.87758350593057
-37.21955380126807,146.87758863324783
-37.2199345288677,146.87782731978967
-37.22034914117448,146.87800811295807
-37.22066023062383,146.8780720654023
-37.22107541334498,146.87799099865387
-37.22139938555442,146.87785788059017
-37.22184797492184,146.87757687986374
-37.221876087631,146.87754677184847
-37.22190303068148,146.8775784066672
-37.22193584353661,146.8775524192052
-37.22191030425695,146.8775183018935
-37.22187926357012,146.87755660170677
-37.221877952985416,146.87753726886626
-37.221894152188234,146.877497967275
-37.22188974072175,146.8775133223533
-37.22187084668404,146.8774848146378
-37.22154007267673,146.8773165921924
-37.22118334230675,146.8770541472087
-37.22083851176846,146.87659358514415
-37.22072166161251,146.87621131643104
-37.22047750401804,146.87572704418486
-37.22035251809425,146.87537668677192
-37.22026603270615,146.8749759444165
-37.22017737972926,146.87450982714438
-37.22005127035575,146.87401899783347
-37.219658296500384,146.87367589251602
-37.21940240096979,146.87347728297948
-37.21915979021038,146.87315211954424
-37.218816017030385,146.87270826608244
-37.21863100082096,146.87233554153326
-37.21844950290825,146.87196417367406
-37.21830063262808,146.87158967191695
-37.218039592103565,146.87100596259884
-37.21781514958409,146.8705925574695
-37.21619285759017,146.8669955031213
-37.21485751484285,146.86358677989003
-37.21481400728397,146.86298515619293
-37.2147746174647,146.86255240349763
-37.214651286366575,146.8621140579388
-37.21446656483632,146.86156418737744
-37.21433756769597,146.86094624149825
-37.214221541920054,146.86048027892895
-37.214197143064965,146.86007408460694
-37.21412273343453,146.85959653206191
-37.2140583935214,146.8591719750937
-37.21380572269832,146.85870478970008
-37.213514201439565,146.85831311319654
-37.21324926162426,146.85806529414185
-37.21290594121485,146.85777586827376
-37.20995003408577,146.85597430934575
-37.2069123443008,146.85451879884627
-37.20668568441323,146.85483578279894
-37.20640959909575,146.85528592425698
-37.20658073733417,146.85584520909322
-37.20668242330447,146.85631917454438
-37.206674538322254,146.85672662457827
-37.20668147872117,146.8567028488707
-37.20664609152603,146.8566844785237
-37.206617159536314,146.856647028989
-37.20663669903001,146.85664453785853
-37.20660287733131,146.85661282865038
-37.20660164490333,146.856649492674
-37.206579193349874,146.85665473561534
-37.20659339875783,146.85662969601628
-37.20656530428405,146.85663295506265
-37.20657905901124,146.85663381609373
-37.20660800505896,146.85660900513744
-37.206616016062085,146.85660198440237
-37.206596255170155,146.8566394919155
-37.20657905859544,146.85662878915184
-37.206616608431894,146.85660360271436
-37.20659469803587,146.85659458330034
-37.20656519769362,146.8565554110983
-37.20656982501518,146.85654447378974
-37.20656845057755,146.85653201778214
-37.20654577868224,146.8565515502987
-37.20653814667407,146.85651077158124
-37.20654606415943,146.8564946593228
-37.20658456630838,146.8564971271137
-37.20658978171282,146.85649662189172
-37.206606177585414,146.85647593089337
-37.206571422625466,146.8564971687148
-37.20678424039911,146.8562439950444
-37.20699809414009,146.8559195575009
-37.207181964829445,146.85564430613292
-37.20752810093036,146.85530524192157
-37.207909956235355,146.8550123616472
-37.20822755382048,146.85480919998975
-37.20871168718974,146.85465909828378
-37.2091169302039,146.85456770610278
-37.212454797075274,146.85354095180975
-37.21572770015767,146.85214888142184
-37.21827404009731,146.85064488814191
-37.22099688487112,146.84868188470244
-37.22201505789995,146.84633256548554
-37.22224851892979,146.84597590180186
-37.222570473982515,146.84562326761417
-37.22291743814584,146.84520592535574
-37.223140735938316,146.84484937002117
-37.22336589674903,146.84434706785188
-37.223659609951625,146.84399016824375
-37.223922201784376,146.84358431973368
-37.22389611649045,146.8435861753182
-37.223900265110444,146.843577734874
-37.223827511720664,146.84302191691324
-37.22367158130117,146.8424601300342
-37.22282101158878,146.8389034427735
-37.22216831352757,146.8348401869293
-37.221160011851666,146.83051943283886
-37.220077975451595,146.82749793401914
-37.219227486777264,146.82509349195684
-37.218537078579324,146.822887333667
-37.218070505478494,146.82126138880437
-37.217892527138964,146.8206934840173
-37.21768001785452,146.82034870572562
-37.21751210068786,146.81980585987802
-37.21736302416832,146.8192362281708
-37.21732465040384,146.81877804737982
-37.21703014908249,146.81842837022066
-37.21676329458812,146.81804955724652
-37.21680224340417,146.81806738556267
-37.21683435639686,146.8180977445005
-37.21681244696059,146.81806369844347
-37.216777287999086,146.8180453887307
-37.21651036226702,146.81757584361205
-37.216356518574145,146.81718035660822
-37.216176890400185,146.81685088494035
-37.21599487636809,146.81647530606506
-37.21582051407594,146.8159767550388
-37.215688712562034,146.81553555843627
-37.21554395007026,146.81508019849184
-37.215394340267366,146.81464945209822
-37.21516233413117,146.8141558087089
-37.21494944346961,146.81380544854483
-37.21472014943958,146.81345078744155
-37.21439394101583,146.81302207882084
-37.214150251454285,146.81269667974308
-37.21382375113793,146.8124339937329
-37.21339762558375,146.812205474372
-37.21342080626771,146.81217925675614
-37.21345876875375,146.81219968672218
-37.21349856933818,146.812211829032
-37.213531323320495,146.81218870501522
-37.213551843118644,146.81216614798612
-37.21355370749387,146.81219258940502
-37.21377967319639,146.81177174989926
-37.213780340158515,146.811758007427
-37.213770804340705,146.81177600681914
-37.21374430966766,146.81176938579432
-37.213755044778324,146.81177214832036
-37.21373604611661,146.81174509148687
-37.21373867941225,146.81172387741174
-37.21371546540581,146.81171651560257
-37.21373491934205,146.81172064231444
-37.21375547409911,146.8116888756457
-37.21331854919467,146.81175627970697
-37.2099278423932,146.81230046738247
-37.20610311016693,146.8124942169804
-37.2057154746631,146.81244297838657
-37.20197946441134,146.8112654739977
-37.19841776228769,146.80999579065727
-37.195217593987174,146.8090187871319
-37.19282476882325,146.808287193453
-37.192294947350405,146.8081402866386
-37.192195945282656,146.80752220065295
-37.19216742873037,146.8070680192282
-37.19226504613726,146.8028554315184
-37.19232580759686,146.7987594108177
-37.19199884224609,146.79469496797603
-37.192131745699285,146.7915732911172
-37.19211652150462,146.78874148547945
-37.19219197017714,146.7882376311529
-37.19241740501786,146.78778947960836
-37.19238201708006,146.78775428897222
-37.1924213379415,146.78776161171652
-37.19245217919182,146.78775650497886
-37.192224062810546,146.78718296781747
-37.19200791630883,146.78668974326052
-37.19182142589886,146.78622024323892
-37.19154111288784,146.7858595038463
-37.19150365165977,146.78585023215052
-37.1915347357681,146.78585080098196
-37.191571597713136,146.78587193262038
-37.191543723367786,146.78589531189238
-37.19150503893244,146.7858575718365
-37.19146760522459,146.7858467665758
-37.19145572287052,146.78582884008122
-37.19147149271899,146.78580606009825
-37.191441394907294,146.78583076609982
-37.19143602848341,146.78582548935006
-37.19151585135671,146.7852522268435
-37.19185516949153,146.7851278667802
-37.19219061478044,146.78491922128157
-37.192666024977555,146.78469240049577
-37.1930358939054,146.78449433022652
-37.195799370124874,146.7828573537216
-37.19899520528,146.7802781992459
-37.20184299502122,146.77823079078885
-37.20462957610896,146.7762693161257
-37.20687753195662,146.77469687758912
-37.20871257932142,146.77369866854673
-37.20980092142794,146.77327915246644
-37.210923845432426,146.7728375412866
-37.21124209160722,146.77271132912588
-37.21497153262756,146.77212714083376
-37.21875022113483,146.77216532581912
-37.22199744447921,146.77256504453288
-37.22403083287568,146.77014999901155
-37.22591770600866,146.76796362758375
-37.2273758848069,146.76600851628177
-37.22817758143882,146.76474602578216
-37.22908936333397,146.76320980387337
-37.229357944519386,146.7632769628088
-37.23278451217168,146.7641987429853
-37.23517464231915,146.76139932292006
-37.23804384530453,146.75825489742365
-37.24055482759582,146.75602301271718
-37.24077369725495,146.7557470603653
-37.240758813414224,146.75572412507935
-37.24076707424172,146.755720651896
-37.24077822258388,146.75574677324116
-37.2407399900298,146.75578404936908
-37.241020052161886,146.75620628835946
-37.24116014816139,146.75651992783423
-37.24140107532246,146.756865062782
-37.24163943191722,146.75728413771108
-37.24180290132538,146.75758224661837
-37.242077047684425,146.7580761107268
-37.24205044255499,146.75811543284863
-37.24206229786148,146.75813460137965
-37.242073784162756,146.75815384453816
-37.24206627051037,146.75815764921995
-37.242073498730896,146.7581569832131
-37.24211217263378,146.75812124603192
-37.242142960406284,146.7581209972122
-37.242136548453935,146.75808290136337
-37.24203700446214,146.75871065970563
-37.24199970766059,146.75914105265232
-37.24188630172374,146.75976687982677
-37.241640781421445,146.76028147639016
-37.241535454509645,146.76088369896001
-37.24150673626602,146.7614770626848
-37.241533831060586,146.7620641151211
-37.24150942622959,146.76250192966805
-37.24143610228573,146.76650696404107
-37.24130989321428,146.76685594753516
-37.2412543712749,146.76744123878677
-37.24123066047922,146.76790946693274
-37.24123631110871,146.76849686019875
-37.24112233152123,146.76887148018625
-37.240931837343695,146.76923729221372
-37.240620919722815,146.76962919707168
-37.240395268419185,146.77001009944092
-37.240428541466784,146.7700013026683
-37.240428068397186,146.77000691101355
-37.24039785894199,146.77004038236538
-37.240434742438715,146.77004547658586
-37.240422361760444,146.77000604698677
-37.240419191031194,146.77003131058493
-37.239931021843546,146.77003848702603
-37.23948407852483,146.7699857774991
-37.23944180426592,146.77002318763215
-37.239463873794584,146.77000905231344
-37.23946083128823,146.7700230229959
-37.2391306736189,146.77008800466626
-37.238615050432564,146.77008670812359
-37.23484789200156,146.77061174449253
-37.23229333527727,146.77382590011948
-37.229922592310146,146.7773465521251
-37.228104459661886,146.78065140866693
-37.22695667804368,146.7831044108896
-37.22601147907876,146.78548225544117
-37.22560116760673,146.78701124460238
-37.2251738697978,146.78890768114613
-37.225104966629736,146.78919947107784
-37.224931453349306,146.79410866659438
-37.22424934503189,146.79883848299016
-37.2242956211293,146.79937345011874
-37.22438182430293,146.79988529193074
-37.224484444363064,146.80042896296627
-37.22452077992795,146.80104621745383
-37.224405706144545,146.80574973440577
-37.2243453897792,146.81040098505287
-37.22447913913346,146.81430944322727
-37.22494459502592,146.81747086927282
-37.2254259384249,146.82072662671106
-37.2255639460939,146.8230571668575
-37.225509267759314,146.82452276042378
-37.225447602027394,146.82639887581516
-37.22540813569929,146.82681924063772
-37.22492173844515,146.82702605125
-37.22452446161885,146.82705280421507
-37.2240611308446,146.82708794583579
-37.22369079347688,146.82712637792764
-37.22332854533847,146.8271215424504
-37.22301614012616,146.82722185036417
-37.21984274101838,146.8289394129527
-37.216515065816374,146.83075482995608
-37.21293062469713,146.83224823301964
-37.20996073159222,146.83402280606404
-37.20815960005056,146.83537514939195
-37.20773942955329,146.83550096775068
-37.2073236125745,146.83550913775207
-37.206888363548146,146.8354304237942
-37.20648275247958,146.8354831531063
-37.2061177912048,146.8355942703126
-37.20604317676251,146.8360908275241
-37.205962008026205,146.83653693330749
-37.205782078611485,146.83703198252024
-37.205820382248646,146.8370592048297
-37.20580788292876,146.83706106757037
-37.205784106658044,146.83703448621708
-37.20579642375455,146.8370201667235
-37.20577182065029,146.83699259906058
-37.20579848277278,146.83700353886195
-37.205815280703256,146.83696860888793
-37.20583544678252,146.83700492278598
-37.205826928372296,146.83704585267768
-37.20559837450846,146.83752727984378
-37.20553604143472,146.83790763931552
-37.20537105324933,146.83845501081663
-37.20521169940926,146.83886145645377
-37.20503964486374,146.83919018296285
-37.20462624358766,146.83951665636323
-37.204331689933255,146.83971339877144
-37.20395251099807,146.8400580980581
-37.20394948102039,146.8400743787163
-37.203943323329845,146.84007958024742
-37.203964751757375,146.8400928056797
-37.20375616087914,146.8405124163376
-37.20209205089977,146.84360187647616
-37.201837186971524,146.84397338061277
-37.20165642386339,146.8443447996279
-37.20145413846161,146.8448399386459
-37.20117393669099,146.84532048661367
-37.20080624796358,146.845797562947
-37.200451927345966,146.8461092720551
-37.200059537277994,146.84631431175487
-37.19987725594398,146.84657022652402
-37.199499004311,146.84687798331936
-37.199232882569945,146.84713173536582
-37.19897279166973,146.84753739216706
-37.19645787249224,146.8505405301199
-37.193069542677016,146.8516163733121
-37.18955784409561,146.85292441730783
-37.187050782270646,146.8538454191337
-37.184814382650025,146.8548383410873
-37.183299813689565,146.85545486804764
-37.182011331952026,146.85595911657555
-37.18167878080407,146.85606073128417
-37.18132780695321,146.85614179815053
-37.18101073132981,146.85620676911077
-37.18076544457353,146.85599646914957
-37.18051040367007,146.8557707716996
-37.18008619917156,146.85553064406793
-37.179807355573104,146.85541858403968
-37.17671947161799,146.85446362625382
-37.173551753934156,146.853486581069
-37.1732494026879,146.85346010266588
-37.17279750963547,146.85328425683662
-37.1724487520295,146.85300662931385
-37.16999530183699,146.85031917620177
-37.16726634753895,146.84759985595628
-37.16448039962917,146.84549961559915
-37.16192905798512,146.8437860354989
-37.15959083557387,146.8420580953715
-37.15914632169398,146.84177322528987
-37.1591610748762,146.84131960266225
-37.15926739738024,146.84081385732836
-37.159510493612565,146.84035698593797
-37.159791095823216,146.83990729277818
-37.160046381921276,146.8395442854073
-37.16179493068427,146.83666602093228
-37.164122284599884,146.83329848488822
-37.1661118756992,146.83007956722417
-37.16784431653467,146.827762494989
-37.16903468153194,146.82570281203206
-37.17109625269154,146.8260252822577
-37.17147174796645,146.82615133190325
-37.174332621733434,146.8274110628644
-37.17742129488567,146.82850668347177
-37.18031234636513,146.82942110566435
-37.18257045040942,146.8305166045452
-37.18488059518299,146.83122953161015
-37.18638455147395,146.83191360322306
-37.18757950935365,146.83241927167074
-37.188832402527225,146.83312962665784
-37.189111375522195,146.83332982043137
-37.19204094675554,146.83460116791161
-37.192445537341946,146.83482824154166
-37.19278397297518,146.83503093859844
-37.195923389633336,146.83727152145332
-37.19875486629692,146.83876058458696
-37.2019197021864,146.839798414572
-37.204802733258866,146.84095642899987
-37.20675162380828,146.84166357244965
-37.2085496786225,146.8425297337324
-37.20970012654418,146.8432727764331
-37.210098001499084,146.84341722957694
-37.21344179819089,146.8452616801892
-37.21651273100983,146.84724610709358
-37.22006313544575,146.84723692797996
-37.222638026783684,146.8475790539393
-37.22525533622398,146.84751969685303
-37.22721427397586,146.8476538553644
-37.2283665973744,146.84763217682152
-37.2296511938552,146.84742289192243
-37.2297362528078,146.84709682395604
-37.23007326081983,146.84319867553052
-37.23093495671726,146.83859722876483
-37.23202142049842,146.83467517778385
-37.23310600953984,146.83154864076627
-37.23251504014156,146.8284175903039
-37.23239868271757,146.82801775257033
-37.232270869665584,146.82764906622882
-37.23196431897097,146.8271933613395
-37.231753188308666,146.8268675796033
-37.2313521712969,146.8265341664229
-37.23136148882561,146.82650289218716
-37.230946768629195,146.82630415724617
-37.23063154751175,146.82615809722702
-37.23062783874986,146.8261913365682
-37.2306605261703,146.8261581285664
-37.2306486951808,146.82611862043564
-37.230652722211126,146.8261307778335
-37.2306402058562,146.8261265632709
-37.23066980946687,146.82609035992144
-37.23019718833372,146.82591476074663
-37.22979463127776,146.8258537903861
-37.2295090226821,146.82585993761595
-37.229487152089405,146.8258937115992
-37.22950841509133,146.82591159806762
-37.22947230310236,146.82592598764643
-37.22904452532808,146.82556697721284
-37.22867189289838,146.8252845230935
-37.22845927940382,146.82494817081758
-37.226137776877145,146.82102122936104
-37.22411281023246,146.81750653133997
-37.22257551165824,146.8145092570119
-37.22106935536983,146.81208146329303
-37.219728313411814,146.80995410841552
-37.21852366912144,146.80789806120816
-37.21764139954978,146.80627405357194
-37.21710887209161,146.80488821953938
-37.21692758988734,146.80456974065515
-37.21662000451546,146.8042473283358
-37.21626231088321,146.803827332315
-37.21595376469811,146.80352608639518
-37.215510019378364,146.80336107621346
-37.21189334167607,146.8024140955385
-37.20897688228314,146.8051321993147
-37.208585807295535,146.80874558577506
-37.208503735973224,146.80909856732245
-37.20847595025429,146.8095805119149
-37.208497609094,146.81001644018195
-37.208724117289016,146.81054882623263
-37.208904874206326,146.81104110547597
-37.20991982529022,146.81441995192125
-37.210740051194634,146.8185577527543
-37.21178378296935,146.82191668814608
-37.212647978776275,146.82590150380133
-37.21315931948507,146.82886456668976
-37.21313023655736,146.82934969810464
-37.21302969101254,146.82993931021943
-37.21289478562989,146.83044275086343
-37.21265011355984,146.8310123303095
-37.21239923305041,146.8313815648276
-37.21213712136365,146.83182783713698
-37.210254267236365,146.83533605117128
-37.21010047675973,146.83588056299234
-37.20993814122354,146.83625413280998
-37.20973747066137,146.83673802910158
-37.20942613390234,146.83721925047755
-37.20921863966439,146.83753653174207
-37.20898511244841,146.83785968450954
-37.20894263382441,146.83828274288337
-37.208677651177126,146.8421315658842
-37.20850678611561,146.84264264428518
-37.20847273796215,146.8426586492748
-37.208493218571,146.8426802511191
-37.208503683258144,146.8426811425481
-37.20853899159681,146.84270390340478
-37.20855098640358,146.8426732535213
-37.208517957664995,146.84267153202435
-37.208482918483384,146.8426743281719
-37.2085211271654,146.84265710408724
-37.20849364365516,146.84265582181217
-37.20852599134686,146.84268510312464
-37.20879104022395,146.8424121419298
-37.20895221747519,146.84202788736772
-37.20915514211936,146.84166092793666
-37.209135197651555,146.84166485523502
-37.209148702610726,146.84169672354855
-37.2091852950947,146.84166019345034
-37.20917112847764,146.84168475028335
-37.20916168118327,146.84165399733018
-37.20917373244296,146.8416812300926
-37.20913806945737,146.84166246474726
-37.2091272464999,146.841639806221
-37.20915091168293,146.8416252676955
-37.20918069810259,146.84160279589483
-37.20917100675511,146.84157861509576
-37.209176589544974,146.84155657100723
-37.20917059292285,146.84154909100397
-37.209158856299624,146.84154567203962
-37.209154096390606,146.84152144023372
-37.2091938412157,146.8414990808298
-37.209155748531956,146.84150160642255
-37.20919055367385,146.84148456214876
-37.20921621064677,146.84147069060225
-37.209182255520474,146.84147415968317
-37.209154821356925,146.84150730370922
-37.209130943596016,146.841513367136
-37.20913216834232,146.84150657577803
-37.20916825432126,146.84146525212546
-37.20917035838298,146.84149125613047
-37.20918973342134,146.8414593665785
-37.209160749763065,146.84145716549637
-37.20917796471458,146.84147340344367
-37.20917133087388,146.84144332886697
-37.20917698851061,146.84141419614107
-37.209146281431416,146.8414133210599
-37.209162730179116,146.84142754023532
-37.20931772984302,146.84107052024143
-37.20961914146897,146.84072342949275
-37.20959583838782,146.84070070152137
-37.20957688411888,146.8407161816402
-37.20960051093395,146.8407039731004
-37.20958299818429,146.84068794682938
-37.20955773156015,146.8406598581898
-37.209598095465196,146.84066534379212
-37.20960215488642,146.84067454793671
-37.20960688602731,146.8407113981338
-37.209623179491594,146.8406877051507
-37.20963126218505,146.8406644665688
-37.209648124723756,146.84067335767523
-37.20964972056318,146.8406661518319
-37.20962453858223,146.84068918933772
-37.209607590090705,146.84072279284348
-37.209630870642165,146.8406870231437
-37.2096136048646,146.84067463576056
-37.20960305611872,146.8406637621346
-37.20996733233502,146.840331155236
-37.20999699076855,146.84031299543543
-37.21000450108777,146.84029541174075
-37.21040257818955,146.84009425049675
-37.21072903944884,146.83984249832952
-37.211101595342214,146.8394976151234
-37.21141217583166,146.83916935574092
-37.213401711290125,146.835960542457
-37.21525079332569,146.83279780291804
-37.21775865872959,146.82928013233376
-37.219842923896756,146.8265109843024
-37.220023519278136,146.82620483094988
-37.22028687893504,146.8258055011978
-37.22066174750351,146.8254435938084
-37.22089617707235,146.82503377818202
-37.22092788498851,146.8250249949588
-37.220954622439464,146.82503906247817
-37.220949875053165,146.82501418495016
-37.22093264224727,146.82502690260495
-37.220931268294805,146.82466250107598
-37.22096823639722,146.82467795308793
-37.22094827800557,146.82467624706223
-37.22119520674735,146.824364150123
-37.221234365699424,146.82437916433528
-37.22124753832595,146.8243956053383
-37.2212839577383,146.82437253790954
-37.221284438616216,146.82438148845475
-37.2212689446834,146.82441682039038
-37.22130190015658,146.82444656624767
-37.2212743867646,146.82448248310143
-37.22112070204999,146.8241163970395
-37.22099504121151,146.82352772110426
-37.220961077427596,146.82312004207634
-37.220921534640595,146.82310080280976
-37.22095390004714,146.82308876404178
-37.22091848163422,146.82311967226036
-37.2209543833787,146.82313590266867
-37.22095044518958,146.82312028466882
-37.220923264120586,146.82312689846543
-37.22090397359988,146.82313123284138
-37.2208767496516,146.823150204288
-37.22087616609046,146.82312770713838
-37.220855043178524,146.82315925967936
-37.220849193687904,146.82318096371665
-37.22054921872658,146.82298313186396
-37.220194866966345,146.82270281339166
-37.2198501836717,146.82239602092437
-37.21960723192698,146.822115999401
-37.21941935057032,146.82175629688518
-37.219558077919466,146.82123523856143
-37.21978875052901,146.82083754294177
-37.22000503067234,146.8204361898178
-37.22028117611503,146.82006070112183
-37.22053409238391,146.81963231529528
-37.22073892255411,146.8193100917267
-37.22106702189011,146.8189481788023
-37.221371924303874,146.8187208630067
-37.221644216187535,146.81847674049493
-37.2219329039433,146.81805614540966
-37.22220955302455,146.81755674297082
-37.222450035592445,146.81716489417494
-37.22249115942721,146.81664912940346
-37.22261814391285,146.8161750293416
-37.22264803278781,146.81561735974125
-37.22262900995905,146.81564664568694
-37.22265475761656,146.81562029890782
-37.22264528866383,146.8156053667229
-37.22261221660281,146.81561265689015
-37.222592496344866,146.81518088347062
-37.22260244129406,146.81452350642223
-37.222132767034985,146.8106548204964
-37.22146958408232,146.80611465468388
-37.220900986639045,146.801842579511
-37.22057082893986,146.79805306835047
-37.22086528397766,146.79477635068443
-37.2229106655561,146.79407939077834
-37.224403616277925,146.79380121048337
-37.22590119232153,146.79323215799823
-37.22617508918479,146.793106623928
-37.22666508678382,146.79287415873625
-37.227038016046166,146.79278253745613
-37.22749095814677,146.79251526724198
-37.22746706140382,146.79250715821541
-37.22748473069499,146.79252600013652
-37.227463888798255,146.79252418732366
-37.22749702827786,146.79251670195544
-37.22777354799179,146.79267433343244
-37.22815876713932,146.79294801293986
-37.2284909140894,146.79332437180307
-37.228751675586956,146.79353655635072
-37.229096037372514,146.79375831021716
-37.22938702626176,146.79393874780865
-37.22977397527862,146.7940628056885
-37.230240951550535,146.79435191195665
-37.23064078856074,146.79464615592593
-37.231083245803575,146.79501257785367
-37.231332762184735,146.79526750752675
-37.23151126607913,146.79560528812183
-37.23172950439221,146.79606893085395
-37.231831896927105,146.7966212642308
-37.23190863041599,146.79711385567668
-37.23191878723629,146.79710384921898
-37.231927788545576,146.79713030687387
-37.23189635102407,146.7971322347259
-37.231935225238374,146.79714319822935
-37.231956216902894,146.79710700801562
-37.23194852344542,146.79712942549088
-37.23194022153311,146.79715804701948
-37.231910228653206,146.79713183513326
-37.23193786049166,146.7971331148922
-37.23190674682713,146.7971232562249
-37.23189468391473,146.7971336326062
-37.23191790753247,146.7971198191777
-37.23191374760005,146.7970877355106
-37.23230871914516,146.79698888547017
-37.23273164338911,146.7968062486319
-37.23320155252881,146.7966593658102
-37.23661068133241,146.7949944049418
-37.23999005289304,146.79343065937857
-37.24295041526283,146.79257814731875
-37.24533804274957,146.7915146982487
-37.24728728151801,146.79077523003113
-37.249062687350055,146.7899842411937
-37.250304487560726,146.78920305551816
-37.25167694020086,146.78844112471273
-37.252062978944274,146.78813303357197
-37.25236602976275,146.78783117417876
-37.252727917242424,146.7874402870509
-37.25300318554915,146.78704722930001
-37.25344273006347,146.78669063825967
-37.25382113223673,146.7863219392695
-37.25427832006574,146.78623161139308
-37.25461443103929,146.78610497038028
-37.255042301304215,146.78577549843172
-37.255471177254094,146.78553258555945
-37.25584526937616,146.78533622229224
-37.25623483835799,146.78512492726006
-37.256465304792044,146.7848832279264
-37.2564840536732,146.7849206331158
-37.2564617391116,146.78492442930246
-37.25643089077949,146.78493177719488
-37.25645801821482,146.78493494425223
-37.256437939065,146.78493723092063
-37.25642278264676,146.78492579692028
-37.256801291216,146.7845310750728
-37.259452195304846,146.78161143052947
-37.25976483338203,146.78131450951292
-37.259724691245594,146.7806747480136
-37.25962584669502,146.7802731510781
-37.25959804864001,146.779872673511
-37.259635757104185,146.7795068535661
-37.25957093412979,146.77888434548598
-37.25954740989007,146.77839072766852
-37.25961814603856,146.77785331332043
-37.259596749509086,146.77735961057292
-37.25959227885883,146.77735645492584
-37.259553329205374,146.77738098637707
-37.259544051363235,146.7774157956917
-37.25954971733895,146.7769224248396
-37.25943500273221,146.77336868898615
-37.259009661299835,146.7685666257803
-37.25898875206939,146.76399278827182
-37.25903565594511,146.76041644857824
-37.25885412161846,146.75708820450095
-37.258983607514985,146.7548808056755
-37.258108109823176,146.75349357490725
-37.25662222973404,146.7531608247258
-37.25636443707497,146.7530997045655
-37.253310902619916,146.7527450458151
-37.25293040482469,146.75277722133583
-37.252611196479,146.75273028353948
-37.25220057519809,146.7526828094529
-37.25182660314889,146.752636742337
-37.25137573004553,146.75260507514867
-37.25101664107408,146.7525743685467
-37.25065944426329,146.75255258570743
-37.25069602243698,146.75256249615572
-37.250267128415636,146.7522447850968
-37.24978016432985,146.75208949221914
-37.24647215165953,146.75044710249017
-37.24308077790038,146.74803313113037
-37.24281279550644,146.74781960158236
-37.242425204154046,146.74772013637212
-37.241997587044246,146.74760052404233
-37.241543246504406,146.74753584598025
-37.241549111988526,146.74751541939636
-37.24156947869064,146.74751900476508
-37.241568762122924,146.74755835544178
-37.24158624644098,146.74752968096476
-37.24154978346235,146.74756047259967
-37.24158546045281,146.74756816763818
-37.24159788330463,146.747561525717
-37.24129564983452,146.7477025282153
-37.240843813637426,146.7477527665378
-37.240511617648025,146.74788087002656
-37.24011086620509,146.74790202421948
-37.23733982415887,146.74912764750363
-37.233848980685984,146.75054201633802
-37.230851166912565,146.75207997454947
-37.22864626612464,146.75340248969505
-37.226315497717856,146.7544533667713
-37.22463811757367,146.754895642765
-37.223317261545866,146.75538766156615
-37.22203411306566,146.75572191652984
-37.22172917727837,146.75581516105532
-37.221304953452844,146.75609997835272
-37.22093070292749,146.75632818789336
-37.220583564540966,146.75653205992475
-37.22020826730418,146.75668563511402
-37.219836076433005,146.75693833043033
-37.219825329324756,146.75697826102615
-37.21944205373227,146.7572354869407
-37.219065662491055,146.75748901016334
-37.21612966601289,146.75908820563131
-37.215833468092846,146.76334553122584
-37.21524775120284,146.76694694143964
-37.21486410158103,146.77079130514582
-37.21483249692036,146.77350286347422
-37.21469446232367,146.77569143211372
-37.21469906098536,146.77765103884488
-37.21474397360241,146.77906758404256
-37.214743797137004,146.77939112620012
-37.2166371018761,146.78268780610628
-37.21694878980658,146.7828535395035
-37.21739836914835,146.7831452043325
-37.21779499343299,146.7833249846047
-37.22046992594348,146.78449102891656
-37.22421879052435,146.78444302580556
-37.22744929689482,146.78401672052956
-37.23030379159168,146.78382596456638
-37.232626473593676,146.78353023131737
-37.234364902991466,146.78293453638724
-37.23478819943221,146.78291686118328
-37.23529917721885,146.78300821150165
-37.23565435918469,146.78325844298985
-37.238810482858455,146.78598296081594
-37.23843285798743,146.78965551994452
-37.23828441919082,146.79436212533992
-37.238215924657844,146.79484111557974
-37.23821458093318,146.79522014113454
-37.238052660319454,146.79573085035932
-37.238048045438646,146.79626769961314
-37.238023859732145,146.7963042622459
-37.23799834568661,146.79629506024014
-37.237978943761824,146.79632688084905
-37.23800204873078,146.79630428230334
-37.23799470920714,146.79630118750558
-37.237959640592024,146.79626263751746
-37.23793772624156,146.79629648684886
-37.238082211464835,146.79600223667705
-37.238206713085106,146.7956118259232
-37.238353108766894,146.7953002801342
-37.2401451701812,146.79229749683205
-37.24230824200561,146.78890138470337
-37.244190938380164,146.78583001630466
-37.24726718394891,146.7850290106819
-37.24937771806929,146.78388816626278
-37.25140874156029,146.78470062669075
-37.25271824884296,146.78541400561207
-37.25393305032696,146.7861470744468
-37.254264795491416,146.7863708547902
-37.254557441080365,146.78655593104614
-37.2549174552521,146.7869525283836
-37.25518029511429,146.787242771826
-37.255575417632535,146.78749320432811
-37.258966930136744,146.78974484389738
-37.2622444002251,146.7912648521816
-37.26544928257117,146.7920494468438
-37.26819955521573,146.79337447017542
-37.27067281710343,146.79411244544139
-37.272453343442386,146.79501543935496
-37.27349892880534,146.79580170841444
-37.27465681121545,146.7965355045031
-37.274938101486256,146.79670710937907
-37.2780718594894,146.79842687414927
-37.281746587301704,146.7996737731086
-37.28532494197414,146.80148742927958
-37.28760788746673,146.80271767700947
-37.289814511781955,146.80449749477359
-37.291266512707836,146.80605389523475
-37.29233540763279,146.80721957122577
-37.2932525206972,146.80806375750907
-37.29349374042496,146.80825363998292
-37.29604415352789,146.8101348640152
-37.29880896134556,146.8131277468583
-37.301201702803944,146.81549668697804
-37.30344845188,146.81760110895303
-37.305016203500124,146.81940854585213
-37.30670977006589,146.81888276405036
-37.306976761105126,146.81878721710274
-37.309937251888435,146.81710044428723
-37.313247412669476,146.81560353635214
-37.31658178067814,146.81421177702506
-37.31975095511905,146.81294405313338
-37.322273694198785,146.8120781926585
-37.32396699211037,146.81157830489937
-37.325202498881424,146.81094978747828
-37.326655663078824,146.81020559793282
-37.326853026755,146.80997331913073
-37.329105234708514,146.8073350621654
-37.32935670788633,146.8069929356265
-37.32958717211298,146.80660474584317
-37.33147580172156,146.80325418770823
-37.33165396649191,146.80274073853892
-37.33179482327064,146.80233602700878
-37.331989782142976,146.80182696653142
-37.33374015847275,146.7979832166043
-37.33505840716167,146.79440935509757
-37.336062693922216,146.78983523955958
-37.33641562628087,146.78628303017524
-37.3365835139987,146.78363562326274
-37.33694915700889,146.78134484825026
-37.33713708683793,146.7796748855859
-37.33742214098442,146.77775868167188
-37.33747529478947,146.77740523317058
-37.33863388616335,146.77269679999642
-37.33913177057385,146.76910950026124
-37.33989744991022,146.7649829403759
-37.34017824685156,146.76157679959144
-37.34053233663082,146.75845392189368
-37.3406208949327,146.7579515176148
-37.34062660513795,146.75759178462158
-37.340554259034626,146.7572450498084
-37.34043897765384,146.75681763254386
-37.34029083805397,146.75267329820957
-37.34047111979698,146.74834884155678
-37.34060447224023,146.7446532779542
-37.34032163183436,146.7407856713177
-37.34026659367683,146.73827742380075
-37.34008312518856,146.73576348617675
-37.339799444025445,146.73429962638065
-37.33958306416932,146.73267562721426
-37.339518043888305,146.73234547725676
-37.338146088496515,146.72861603146384
-37.33787702051767,146.7281341707264
-37.33757931794103,146.7277382113958
-37.33736042754437,146.72739853930298
-37.33700901827676,146.72690515689422
-37.3368246172844,146.72661536053457
-37.33658235065329,146.72625450539593
-37.336289948257985,146.7259213906976
-37.33600946314209,146.72546187869378
-37.33576524630954,146.72497540487683
-37.33543614362984,146.7244669330599
-37.33295534171877,146.72175978109178
-37.33034936019685,146.71973121731872
-37.32731389023925,146.71779264247454
-37.324811551404466,146.71586374330067
-37.322828110135205,146.71471039300528
-37.32239148270538,146.71451544477964
-37.322064301900866,146.71445943866647
-37.32174800147689,146.71435186868933
-37.321371264037246,146.71432017704765
-37.317943329951305,146.71381769176085
-37.315152254118956,146.7130840406503
-37.31482303355458,146.7130609989233
-37.31146953006556,146.71340209479493
-37.311187957603586,146.7134394266987
-37.310782539859396,146.71364546086798
-37.310416513056246,146.71368809459102
-37.31041326277271,146.7137008179163
-37.310411712662024,146.71373721878732
-37.31041262067245,146.71376445655434
-37.31042217367667,146.71374688440025
-37.31045395582218,146.71378154354184
-37.31012599117188,146.7137633108847
-37.3097016371362,146.71360958474827
-37.30923877856429,146.71332410074805
-37.30892954130837,146.71297711865984
-37.30877147703371,146.71268707210837
-37.30858425970282,146.71228314777818
-37.30846420856422,146.71191148849275
-37.30873146805138,146.7114884030818
-37.30894053146688,146.71094170376787
-37.309153158894325,146.71055849169744
-37.309296893444156,146.71006563695235
-37.30927619362907,146.7094759402134
-37.30930929788995,146.70891750528858
-37.309256266707884,146.70847827988302
-37.309144641811855,146.70811510706912
-37.30911829540597,146.7076014106735
-37.30913863032763,146.70706349442608
-37.30918195809256,146.70663982318018
-37.30921216225481,146.70225834973382
-37.30774872570034,146.69857006312063
-37.30676826887682,146.69518102373434
-37.30603154386821,146.69182970247195
-37.305033555927686,146.68928720663206
-37.30408038798913,146.68689312156073
-37.30343227915101,146.68543257726387
-37.302721099017774,146.68411977889488
-37.30258557645596,146.68375660652256
-37.30096551362186,146.67966426517617
-37.299504267953665,146.6759426229674
-37.29821244771338,146.67164209671157
-37.297035487552115,146.66772370875034
-37.29705017706955,146.66455390089422
-37.296967767667326,146.66189917242926
-37.29690053237941,146.66034374081443
-37.29691195092097,146.65876171125595
-37.29687423067109,146.6584254818565
-37.29631597189108,146.65459920700692
-37.29652167588778,146.65413263372818
-37.296873013125484,146.65372907545057
-37.29733709387332,146.65348828471883
-37.29760969979162,146.65329302441714
-37.297984451710796,146.65309185671396
-37.29798470224145,146.6530974236511
-37.29818716939085,146.65279558419385
-37.29837941510143,146.65229659715968
-37.29852761052935,146.65184875429756
-37.29849238517019,146.65141959062666
-37.29842569908536,146.6468637172338
-37.29796686484669,146.64300882773006
-37.30061127052173,146.63973625891035
-37.30250035944829,146.63747907763047
-37.30402670650457,146.6356384918102
-37.30422619272323,146.63536116392999
-37.304398197156345,146.63479754136978
-37.30448133297576,146.6344293831384
-37.304538593813696,146.6340095991432
-37.3052463413546,146.62935242615805
-37.30539687942748,146.62496879954398
-37.3051457628849,146.62086894241057
-37.304474397200984,146.61703166290312
-37.30403044307812,146.61410030173488
-37.303542236884255,146.61185773660532
-37.30309810154073,146.6103159063414
-37.30259718788272,146.60866591148087
-37.30251673017348,146.60835451253388
-37.30082571691694,146.60469281671806
-37.300634035038,146.60423359351535
-37.30032688034892,146.6038780220531
-37.30008158252704,146.60367444977473
-37.29978311356183,146.6036295581138
-37.29942331873794,146.6036070467314
-37.299019963407545,146.60355174337946
-37.29868636706148,146.60360450731045
-37.29869766093701,146.6036444735371
-37.298680312218444,146.60363886928567
-37.29869403126966,146.6036699494934
-37.298689102693025,146.60370737077946
-37.29872056486155,146.60368807655513
-37.298759706328866,146.6036774402152
-37.29878367424583,146.60365617457694
-37.2987849403422,146.60362534140515
-37.29880784244794,146.60363073436127
-37.29883521185363,146.6036467115554
-37.298850495308976,146.603612153386
-37.29886690775413,146.60365281118584
-37.298497090295065,146.60382679048615
-37.295574557822604,146.60627618083043
-37.29240973382529,146.60841073373714
-37.289669198257435,146.61007416003756
-37.28931619306896,146.6103502606925
-37.28899211165162,146.61063766138824
-37.28874622925043,146.61082010792896
-37.286354856844184,146.61278100226357
-37.284020798859636,146.61543839532348
-37.28131095953643,146.61817247181648
-37.27928047077004,146.6204468524346
-37.27774654526359,146.62208277682117
-37.27629144827724,146.62296871948337
-37.275950367613376,146.62305601889176
-37.27597285885482,146.62308469329096
-37.27594787500018,146.6230734270867
-37.275972681365346,146.623054981603
-37.27600093979866,146.62309016520481
-37.27565873902919,146.62331779375629
-37.2753157651035,146.62368782797634
-37.2748949153736,146.62403473705737
-37.27464089904714,146.62423867527363
-37.27432464257335,146.62439218026324
-37.27398666211412,146.62472250285953
-37.27370909244413,146.62496547633026
-37.27329410681054,146.62516598583366
-37.27309222545151,146.6248515787002
-37.27108936993549,146.62168301923242
-37.268565501485085,146.6187135731782
-37.2662896935137,146.61635925946982
-37.266045916142275,146.616061134121
-37.265770959057896,146.61580489069277
-37.26548272579161,146.61539422021409
-37.26530416840665,146.61491677353717
-37.26527170135235,146.61488563699223
-37.265287120215234,146.61484577100103
-37.265272097155595,146.61481354976468
-37.2651211984786,146.61423266779718
-37.265025404650586,146.61369542256367
-37.26466217079701,146.61350865325593
-37.264343612774766,146.61318034384306
-37.263934679438655,146.6128016752886
-37.26365540187887,146.61242484033514
-37.2633602890766,146.61211190747383
-37.26308554959491,146.61166380028538
-37.262837158622624,146.6110885857021
-37.26274969928484,146.61065768560576
-37.26251395514315,146.61026776087888
-37.26227922698654,146.60974059117422
-37.2609699696429,146.60616180658073
-37.25961306028439,146.60220705911402
-37.258358534666954,146.5982489238358
-37.25730701741372,146.59455541864153
-37.25607861931414,146.59212472148164
-37.25490897239677,146.5901086737584
-37.25460054179053,146.58981835642712
-37.254274171443754,146.5894770085726
-37.25397439016728,146.58907745396994
-37.25394784957274,146.58911288075652
-37.25361961565603,146.58877873349817
-37.253334169439476,146.58858006484587
-37.25303118943244,146.5884677276588
-37.25268918642115,146.58833905907846
-37.25268675162527,146.58830910259124
-37.252690862490674,146.58830985407857
-37.25270364653952,146.58831505712322
-37.25251606160603,146.58872034893892
-37.250766266374264,146.59228977607793
-37.24932923837125,146.59553184955584
-37.24794642099867,146.60001441061812
-37.24696328250864,146.60393517664565
-37.245980966111745,146.60656095636256
-37.24575320127736,146.60690919377637
-37.24539300701839,146.60731654946838
-37.245073356971666,146.60769634647687
-37.244732818571364,146.60817290578376
-37.24456337385522,146.60856351291378
-37.24442759464185,146.60885417542303
-37.24299096280916,146.6130778049663
-37.24126652638046,146.6171602229268
-37.24014334496594,146.62082001969284
-37.23883938368366,146.62396310019437
-37.238576526165794,146.62403404360165
-37.23824153254461,146.624110837993
-37.23781012493488,146.6241470895672
-37.23780044920679,146.62416324308393
-37.23778683672474,146.62413946073434
-37.237804810673985,146.6241285077328
-37.237838049199055,146.6241029566226
-37.23782376677121,146.62413105204158
-37.23778519331451,146.6240950290155
-37.237799318817906,146.62408580372733
-37.23781757657536,146.6241109012658
-37.2378231592822,146.62410671987848
-37.23783728832704,146.62407058655117
-37.23734799038052,146.62417029029888
-37.2370578294753,146.62437489453947
-37.236719071366664,146.62477510236042
-37.23415728325854,146.62760684052455
-37.23196072092319,146.6306260645239
-37.23179254682459,146.63107077729995
-37.231677954387706,146.63150938148286
-37.231582389253894,146.63199083357313
-37.23154978334903,146.63245645790673
-37.23151112638224,146.63654115812656
-37.22981739718838,146.64005244164613
-37.22846844481507,146.64348574427703
-37.227536317687665,146.64666831996053
-37.227423512620554,146.6470649887436
-37.22718477553571,146.64758161262873
-37.226990875011005,146.64786942566994
-37.2272379838508,146.6484021947365
-37.22931326415342,146.6522752021782
-37.231168346638476,146.65602841356852
-37.23137543627501,146.6564988850426
-37.231517949448595,146.65689832631992
-37.23184156116418,146.65731620538327
-37.23220725516726,146.65773639161299
-37.232478220725625,146.65806341109297
-37.23286206314817,146.65837084037662
-37.23318867558802,146.65865818799145
-37.23350273481248,146.65880088527837
-37.23390566430621,146.65909906818652
-37.23432062818478,146.65924307244512
-37.23468114548915,146.65944821779672
-37.235114827826834,146.6597780359224
-37.235329052953325,146.6600283136316
-37.23547714879026,146.66038929231215
-37.235701678494074,146.6607670731584
-37.23590529192066,146.66131682528717
-37.23604733187846,146.66163587135438
-37.237918055780526,146.665310323579
-37.2381337505398,146.66575840095197
-37.238334053160756,146.66622027074035
-37.23836469465442,146.66626191595884
-37.238371166710394,146.66624431191477
-37.23837043960345,146.66623973813768
-37.238346293904414,146.66626165308855
-37.238323819649786,146.6662258109354
-37.23833841741573,146.66621521833403
-37.23830291477098,146.6662408861785
-37.23831445325038,146.66627181632393
-37.238320075713006,146.6662336733699
-37.23829324632814,146.66622945026006
-37.23827633333107,146.6662699009211
-37.238017462567065,146.66661670168733
-37.23773982573319,146.6671312479301
-37.23737822989783,146.6673034673186
-37.23400442002718,146.66891371378694
-37.233646116839395,146.66912345082326
-37.23321305501142,146.66920790498196
-37.229594420706874,146.67002802684206
-37.22929480490397,146.67005527404592
-37.228840866206696,146.67011259304283
-37.22856944915448,146.6701702852465
-37.22821136463567,146.6702176833575
-37.22772308230193,146.67019155458016
-37.22729474754861,146.6702906875485
-37.226936059056264,146.67044686654134
-37.22657916221589,146.67044314617777
-37.22613937659874,146.6704043650586
-37.22570177403449,146.67043656463676
-37.2253796294517,146.67039029844304
-37.22533931153943,146.67040381176503
-37.22533297665098,146.6704039127679
-37.225312429942946,146.67040071306204
-37.22530908488346,146.67041263722538
-37.22533639375953,146.67037607056318
-37.22536641536246,146.67035424518932
-37.22537659174171,146.67038419654128
-37.22539532540886,146.67036684463804
-37.22539744791325,146.67034198201492
-37.2254152095414,146.67035358771142
-37.22541816471992,146.67032244517347
-37.22494821766144,146.67027197023947
-37.22456990734819,146.67023477101117
-37.224233856519575,146.6701329492309
-37.22388715088973,146.6698448643955
-37.22346255175732,146.66973277674748
-37.223010551937044,146.66957006426506
-37.222702883687134,146.66476326880868
-37.22238443311978,146.66036914999427
-37.222366769092964,146.6563999257329
-37.22236615193614,146.65599973448954
-37.22233119539563,146.6555539103077
-37.22240355132068,146.65502447803095
-37.22241517749643,146.65460490390808
-37.22241027139759,146.6541281359699
-37.22228693251068,146.6536163562808
-37.222139114854436,146.65312257276418
-37.22194824047305,146.65272964174653
-37.22156036837429,146.65236053289073
-37.22126006918152,146.65213058186046
-37.22091952865296,146.65195784667762
-37.22090040065851,146.65195707194698
-37.22086198088502,146.6519364438083
-37.22087953877479,146.65190904937066
-37.22090017473926,146.65193965097936
-37.22093683740516,146.65196329734403
-37.220906226085006,146.65193726566181
-37.22090843472689,146.65195740118736
-37.22091617339533,146.65192064852053
-37.22090118208254,146.65188628552534
-37.220920905627445,146.651900472492
-37.22089358669263,146.6519198225939
-37.22089852573587,146.6519581355632
-37.220874447659135,146.65194101974504
-37.22122552132044,146.6520618718496
-37.22155020254341,146.65218369128488
-37.221946805593184,146.65235633292556
-37.22239986944683,146.65261054430405
-37.22267620457842,146.65289673767273
-37.22505676854321,146.65589888320793
-37.22772109086345,146.65917008259225
-37.229934486407025,146.66238498605267
-37.23179491478922,146.665056299592
-37.23424153042786,146.66517706176518
-37.23606981293228,146.6650628530635
-37.2373334739937,146.66488174102284
-37.23854466640921,146.66490569284215
-37.238804381334816,146.6649113934775
-37.23923669145889,146.66482655705954
-37.23954368627865,146.66467837454857
-37.23983726110674,146.66455897949203
-37.2402783043222,146.66432361702797
-37.24068123593585,146.66418082179925
-37.24103551819373,146.6640959156562
-37.241448592820205,146.66399373617932
-37.24189207823282,146.66376425422996
-37.24230773399362,146.66338223749108
-37.2423302193043,146.66340560009772
-37.24234468444733,146.66339132296952
-37.24237569512807,146.66341099885742
-37.242760184095744,146.66369096124512
-37.24313054014436,146.66398949573843
-37.24342059157353,146.66429787103075
-37.243649827843285,146.66456280903193
-37.244024318655846,146.6648461530453
-37.24437856319186,146.6651702514374
-37.24467597231989,146.66544508957855
-37.24467739129417,146.66541143357097
-37.244698120410455,146.66538180359194
-37.244685633325695,146.665363741793
-37.244721334980326,146.66536315503092
-37.2447213472489,146.6653685371698
-37.24468585636221,146.66534312968594
-37.24467598930707,146.66532346247942
-37.245015436394404,146.66489666260617
-37.24534203731759,146.66447770699983
-37.24552227955708,146.66417901960992
-37.24568744922137,146.66365231070043
-37.24575060104521,146.66320465427737
-37.24576950095219,146.66265499342742
-37.245727382379286,146.66224765127416
-37.245566725913754,146.6618788889942
-37.245420010624954,146.66132461353322
-37.24539328541591,146.6609098275868
-37.24531477809057,146.66056226685663
-37.24519967564399,146.66009398010272
-37.24513144257303,146.6596998916267
-37.24507545738677,146.65926178737433
-37.245011259551035,146.65875627635353
-37.244857830746405,146.65834282527487
-37.246345290773256,146.65520050086147
-37.248225635766154,146.65185618101248
-37.248545444993916,146.65151852346563
-37.24888515905199,146.65121321706306
-37.24888610527323,146.65123075237375
-37.24891850397144,146.65126800286956
-37.24890262754212,146.6512355690937
-37.24888851793268,146.65122676497936
-37.24886487257419,146.65119303435293
-37.248890311694986,146.6511758737268
-37.24887635044079,146.65115093558575
-37.248914326586515,146.651181593001
-37.248803339942086,146.6515474495568
-37.24866999653082,146.6520511809426
-37.248873493419076,146.65256615102197
-37.24896418888965,146.6530667096496
-37.24897884376187,146.65304576503036
-37.24893944674469,146.65302884616855
-37.24896776632313,146.6530393151378
-37.248980871304695,146.65307217706354
-37.24895926298425,146.65305838298093
-37.24915809777098,146.65348108855622
-37.2492986272048,146.65379644555787
-37.24938528025285,146.65420984180966
-37.24925972708465,146.6546206327972
-37.24906807692179,146.65498802403923
-37.247221253976306,146.65778789096984
-37.24501439996657,146.660770622298
-37.242544667742095,146.66393558662352
-37.24070743039033,146.66622380594893
-37.23914348973978,146.6685247918622
-37.23792212102423,146.67071523660783
-37.237596290949526,146.67106651810047
-37.23716912284264,146.6713548708888
-37.23434531282869,146.67268706699554
-37.230835305808114,146.6736247249919
-37.227577923113415,146.67447281350871
-37.22501797711962,146.67518438623287
-37.223585694194064,146.67787440861278
-37.223459214641885,146.67840429052092
-37.22340489151167,146.67891724233286
-37.223415122981585,146.67933827136912
-37.22337118684074,146.67990928767995
-37.22329847987154,146.68027463381995
-37.2231337743196,146.68082600352815
-37.22300601034509,146.68132622622122
-37.22279607386176,146.68161693422263
-37.22256116819305,146.68195890560295
-37.22212548352953,146.68220249548693
-37.22164385218832,146.68239388939423
-37.221628470746836,146.6823754583706
-37.22164583474517,146.6824086679972
-37.22163715985937,146.68244710908914
-37.2215996414462,146.68247804418914
-37.22159072075936,146.682455749476
-37.22161194294457,146.6824868406307
-37.221613330493874,146.68252049013796
-37.22158206333347,146.68255642422633
-37.22155045920074,146.6825769029148
-37.22152239691225,146.6826008408167
-37.22149877624418,146.68256728608017
-37.22146970183133,146.68253327395644
-37.22147053215967,146.68253382334984
-37.22142116478047,146.68201129964945
-37.22149071888086,146.68160051233878
-37.22152440203213,146.68103326275784
-37.221417384226136,146.68056512379357
-37.22101921333644,146.6803002822337
-37.220649977754064,146.67999096620645
-37.22042371363732,146.67972135389016
-37.22038883724055,146.67969458089118
-37.22035094232096,146.67971221349194
-37.2203515687715,146.67969879207664
-37.22032415850359,146.67967933929955
-37.22028573382533,146.67966136568853
-37.220282421770676,146.67962990337622
-37.2199279803626,146.68002227996476
-37.21992154248552,146.67999551711623
-37.219918978210806,146.68000670545155
-37.21987994682969,146.68000055541327
-37.219867882828986,146.67996419376837
-37.21952646584449,146.68024320390404
-37.21923626490868,146.68042082236357
-37.218851445609246,146.68069105901094
-37.21844470392413,146.6811202356999
-37.21840226868205,146.68113839510073
-37.21841882940441,146.6811254475319
-37.218389143129365,146.68110046837677
-37.21837929882808,146.68109852541073
-37.218402314497176,146.6810607396554
-37.21842038814097,146.68109557060527
-37.21803058007796,146.68076698111025
-37.21767877543887,146.680356244262
-37.21745965349998,146.68005225912103
-37.21712544476438,146.67959746466184
-37.21675412718527,146.6792753606583
-37.2138044783471,146.67685840561973
-37.21082333994402,146.67466641254265
-37.2078278816374,146.6730551106828
-37.207476918515404,146.6728242078061
-37.207488357186605,146.6728388644897
-37.20747445841824,146.67287952608592
-37.207204361171904,146.67340559583562
-37.206938915404756,146.67375779535638
-37.206643413765285,146.6741746474107
-37.20631357370993,146.67452682153493
-37.20612126479718,146.6750126697171
-37.20585749494613,146.6755146751037
-37.205766517573096,146.67594969174374
-37.20579863440885,146.67592628621978
-37.205784494984016,146.67596113667926
-37.20581500828202,146.67598171854394
-37.20577858210696,146.67599643136887
-37.205809582197055,146.67603033837813
-37.20578413550405,146.675997348089
-37.20582237154997,146.6760136383866
-37.205796356429985,146.67605572322415
-37.20583011742095,146.6760301609456
-37.205793223778166,146.6760317816545
-37.20582594330176,146.67599850355887
-37.205815761767795,146.67601480591694
-37.205841161018476,146.6760569101977
-37.20586341874009,146.67608033260007
-37.2058529883393,146.67611765887662
-37.20583647646466,146.6761212559938
-37.20586950716038,146.67612086071293
-37.20557446468175,146.6765799506805
-37.20542598538621,146.6769525863675
-37.20526237896427,146.67741784310303
-37.20495980134758,146.67793597548854
-37.20469637403958,146.6782844730995
-37.20468984492967,146.67826757069028
-37.204709480184746,146.67829905455062
-37.204742312539416,146.67829162912702
-37.20478171386026,146.67832117473972
-37.2047639613171,146.67831712225004
-37.20472608286248,146.6782934165591
-37.204741462929064,146.67828517621595
-37.204749190928084,146.6782847537315
-37.204762218021884,146.67831069417363
-37.204661429892596,146.67795545567856
-37.204506884143626,146.677534772705
-37.20435732617733,146.67726006877947
-37.20403924963097,146.67685370993303
-37.20277238006095,146.67286353722554
-37.201121294484444,146.6684029950188
-37.19962695592513,146.66520445615103
-37.19935575262299,146.66484272209186
-37.199052811207956,146.66458052352795
-37.19863207477245,146.66419557919872
-37.19830170855472,146.66375225576994
-37.19811503162439,146.66330556096946
-37.197913954241486,146.66280735074034
-37.19790155028545,146.66232208739154
-37.19789571961805,146.66192106785957
-37.19787674502792,146.6619482331299
-37.19789341847338,146.66197553298326
-37.19787214670885,146.66198454124645
-37.19786526292245,146.66195763891815
-37.197969321341304,146.66148430803491
-37.19816408015437,146.6608878788796
-37.19835388115075,146.6603291598802
-37.198538748228685,146.65980158326835
-37.198673486507644,146.65923646965018
-37.19880911845394,146.65868372384892
-37.19898815926328,146.6583000314821
-37.19930350619399,146.65787185532014
-37.201904826237275,146.65438368637248
-37.202297166234,146.65397476294322
-37.202595844359294,146.6537799950102
-37.202988047081504,146.65352106494214
-37.203384065115465,146.65337094773167
-37.20375938181283,146.6530912491407
-37.204190523771494,146.652818389496
-37.204593453872874,146.65247791499255
-37.20738618162749,146.6508856162285
-37.207659239087214,146.65078281924764
-37.208008457281316,146.65064006795834
-37.208369530432755,146.65056686863508
-37.2087878699467,146.65032260420531
-37.20903513815038,146.65002288143504
-37.20931910654256,146.64962454229965
-37.20963268904254,146.64937093676187
-37.209919946633434,146.64904550432263
-37.2102250786295,146.64869120192324
-37.21356194087393,146.6462262500154
-37.21652893056678,146.64358499442076
-37.21912204033909,146.64173333081737
-37.221865983633,146.64016506299367
-37.22428404313258,146.6386174267368
-37.22588195484683,146.63736764620197
-37.226979204734086,146.63678344346576
-37.22834673566165,146.63594223114134
-37.22856629058333,146.63581791229728
-37.231889814976974,146.63389540495638
-37.23510096875718,146.63269964284493
-37.23806043625587,146.6318911816683
-37.24087260317242,146.63161764438692
-37.242697793492155,146.6293966838492
-37.243988450130225,146.628135948258
-37.24532136624673,146.6270874400999
-37.24664811577282,146.62644771423774
-37.24693804267073,146.6262742158535
-37.25057061542122,146.62468399109832
-37.254151483575306,146.6231099084233
-37.256981967551425,146.6222385646182
-37.25728097461597,146.62204144835607
-37.25759504149611,146.62179337358904
-37.2579195965321,146.62167483056754
-37.25836246141592,146.62160521831558
-37.25881274960715,146.62166582406456
-37.25931923101611,146.62168588945485
-37.26231848556226,146.62214705057525
-37.26279918489997,146.6220813954908
-37.26319519974338,146.62214542304173
-37.26368872030851,146.62218718643888
-37.264053417010395,146.62211545565418
-37.26444943802981,146.62207888856614
-37.26485417013047,146.62217289317462
-37.264815992820864,146.62220083808975
-37.264801968710564,146.62219346027953
-37.26477543678473,146.62222501898893
-37.26478616916035,146.62222103180545
-37.2647813929996,146.62221020787823
-37.264753447773835,146.62217230174207
-37.26511853052759,146.622101104298
-37.265554380095175,146.62201994988635
-37.26581585347115,146.6220853049942
-37.26619920994174,146.6221210026153
-37.266560003300484,146.6221694242353
-37.26690632510339,146.62212918353637
-37.267318610581434,146.62209500428867
-37.26776343743571,146.62221035354617
-37.26817527066403,146.62232554869072
-37.26862325482356,146.62249179419788
-37.269079809255466,146.62275458258986
-37.26942752608958,146.622970977961
-37.269707092519845,146.62335511921628
-37.271797535246066,146.62626748179954
-37.274184743203456,146.62971928314363
-37.27613776335918,146.6336917736061
-37.277283543121754,146.63687668418754
-37.27794533878377,146.63939007853978
-37.278645432831425,146.64185809757572
-37.279875677345196,146.64274403811535
-37.28104678673755,146.64356044268447
-37.28129808056312,146.64371768675446
-37.281655535015155,146.6440939400401
-37.28196432223154,146.64429448612862
-37.282308580424434,146.64461984165771
-37.282682892171565,146.6449858854446
-37.282954195822846,146.64538739509445
-37.28327864206376,146.6457201547464
-37.28367416971072,146.64616025245274
-37.283955791978116,146.6464752652698
-37.284260153982885,146.6469614442159
-37.284441419281066,146.64737172388337
-37.284578005743,146.64782177009587
-37.28455842120122,146.64782220283013
-37.28459493792845,146.6478072288455
-37.284604811698564,146.64783536220108
-37.28463204325932,146.64780478502132
-37.284616630841214,146.64777100048167
-37.28459814805636,146.64775810530688
-37.28457859091952,146.6477706072262
-37.28456054544926,146.64775368066887
-37.284556781152304,146.64771791973155
-37.284563084734565,146.6482031704822
-37.28458441978397,146.64823603949216
-37.28457601842149,146.64825869919343
-37.28462201549384,146.64882333063372
-37.28476039007178,146.64926616094618
-37.284919120583645,146.6496466788235
-37.285166880760514,146.65016802800702
-37.28534389786175,146.6506563798014
-37.28543384702263,146.6511620038758
-37.28555890584385,146.65150820357135
-37.28555366129944,146.65153520067557
-37.28557131011018,146.65149630278182
-37.285553616339485,146.65151123837873
-37.28557529038584,146.651484686266
-37.285543123624734,146.65151741341646
-37.28552051620031,146.6515118621834
-37.28554106114789,146.65148155829533
-37.28554541358518,146.65146824863132
-37.28553553262228,146.651473831539
-37.285515129432376,146.6514747956617
-37.28548829649706,146.6514822780984
-37.28552019047311,146.65146419694753
-37.28552343887263,146.65146990813207
-37.285530980618354,146.65144393663533
-37.28551709085865,146.65144925365672
-37.28550301306141,146.65143041842842
-37.285406631732094,146.6518774905841
-37.28502161656777,146.6519872061345
-37.28464016599603,146.65198648252365
-37.28162997001063,146.6524772822417
-37.27839929202284,146.65331806160006
-37.27555139692853,146.65413863964054
-37.27240876974337,146.65486438430494
-37.27041165932723,146.6552111024005
-37.268789583208026,146.65541489235736
-37.26751087054601,146.65582754627087
-37.26614062541097,146.65658060749706
-37.26588396851493,146.65668201631968
-37.262776235377984,146.65886644284765
-37.25975604945893,146.66146673365472
-37.257653877565076,146.66394178324074
-37.25741284276879,146.66430668215153
-37.25698368235413,146.6647257424679
-37.25694438797416,146.66471876451408
-37.256949361846594,146.6646970615313
-37.25691085706173,146.66465914789651
-37.256884354772595,146.66466693742646
-37.25689101520728,146.66466739822934
-37.256877885276694,146.66465635294585
-37.25686266955039,146.66462664070536
-37.25687460512729,146.6646655458255
-37.256500518886845,146.66461629255102
-37.25598108286142,146.6645569510038
-37.255594316286064,146.66444407007174
-37.2552524570233,146.66422827632
-37.254957183589376,146.66386449420068
-37.25473880024396,146.66352990373235
-37.25456083708525,146.6632128911904
-37.254252183281345,146.66272695968232
-37.25400716796393,146.6622660812555
-37.253805427040994,146.66200390534655
-37.250856164391095,146.65912979277124
-37.247993043462955,146.65804730145095
-37.244413151467306,146.6570180856472
-37.24394022771074,146.6570484195412
-37.24361657727348,146.65711127421187
-37.24324700325145,146.65730334384457
-37.24286585075418,146.65743180534017
-37.24249266583018,146.65764387004754
-37.24217296440866,146.6577990534325
-37.24219155210303,146.6577976352458
-37.241831245167596,146.65810309150402
-37.24161735086346,146.65844788272463
-37.241643620038815,146.65845495308628
-37.241659213663,146.65849293822365
-37.24164096708095,146.658522916842
-37.241180437274494,146.65871829515336
-37.24083029140123,146.65904991690263
-37.240420645926235,146.659329381552
-37.24008794435209,146.6593995044847
-37.23962768517115,146.65966716142077
-37.239212173328475,146.66006461643389
-37.23891763277745,146.66040066010854
-37.23907922422092,146.66102693076598
-37.239339709366426,146.6615239544614
-37.239494701141645,146.66180954613185
-37.23969075932272,146.66228749392423
-37.23968490468695,146.6622897092172
-37.240067803061535,146.66233289888874
-37.24312338919787,146.6625017878997
-37.24672231672954,146.66278819887765
-37.24976664633355,146.6627923157245
-37.25283667203533,146.6632138403632
-37.25540115316726,146.66393870378286
-37.2574339684561,146.66426577900972
-37.25871140235233,146.66418281096304
-37.260222498168666,146.66430663524568
-37.260522007674595,146.66444010759392
-37.26394017302783,146.66646984049467
-37.26651689983887,146.6684144749178
-37.26676317944765,146.6687999911625
-37.26705663034041,146.66916093871163
-37.26929066514087,146.67198800423915
-37.271758091926706,146.67558628469288
-37.271536027152216,146.6797013162381
-37.27287562060578,146.68311433910142
-37.27293076288573,146.6836945654242
-37.273026817097886,146.68429160004348
-37.27310876115061,146.68475958032556
-37.27324741926547,146.685283804527
-37.273371379448086,146.68578331649482
-37.27353699781768,146.68641672949036
-37.27377938391685,146.68687672588956
-37.27404208539939,146.68723006167667
-37.2741746258939,146.68751819950552
-37.274420421801956,146.68781433950056
-37.27668925484091,146.69168709955855
-37.278810589059376,146.69533486007447
-37.27899338940133,146.6956945342358
-37.27927495579657,146.6962488084971
-37.27930236828249,146.69627286832534
-37.279281806879276,146.69627693588555
-37.27925826346463,146.69630956017937
-37.27927944570208,146.6962854803795
-37.27931043684249,146.69630080250008
-37.27929137394071,146.69632082985078
-37.279325321960194,146.69634560565873
-37.27928946853028,146.6963137241267
-37.27922429527445,146.6967230716004
-37.27922339393593,146.69713147264724
-37.27923664941673,146.6975371352587
-37.27638257046933,146.70086851367594
-37.27359479290434,146.70385537115246
-37.27342318543081,146.70421945805748
-37.27310644221943,146.7047102719673
-37.271048344358924,146.70744507218149
-37.270696452806476,146.70770470118825
-37.27043916184234,146.70794979547642
-37.27022912900186,146.70829043915145
-37.26880370160774,146.7117623408806
-37.26839485241015,146.7118631580237
-37.26819933895655,146.71221742336732
-37.26643975258535,146.71512431832025
-37.26454766223048,146.7181008327546
-37.264380300124216,146.7185399913049
-37.26460185196024,146.718961006871
-37.26778479301302,146.71946324176835
-37.26811118191629,146.7195540356118
-37.26807226842448,146.71959104597389
-37.268100595557634,146.7196118316316
-37.26814093319777,146.7195963811133
-37.268102945858324,146.71959450315785
-37.26810213072332,146.719611073277
-37.26806722655909,146.71963508651913
-37.268027637724494,146.71963327155524
-37.268047509437515,146.71960506801864
-37.26803646361877,146.71963821521288
-37.268008566657514,146.71962255689687
-37.26799265229611,146.71958337133762
-37.26783794621286,146.7200335445386
-37.267811135601654,146.72057011979544
-37.26770479453416,146.7211129749128
-37.26760898558648,146.7216431747798
-37.26738538262213,146.72217162817176
-37.26727071184025,146.72259006682802
-37.267209764237606,146.72292662849438
-37.267002555525494,146.72338936898782
-37.26676998869279,146.72379749375312
-37.26659194584403,146.72409534914382
-37.26659361860062,146.7240668521662
-37.26658258363851,146.72407519551408
-37.266598287678185,146.72405949857716
-37.26660293673844,146.7244452743488
-37.2666266836721,146.72494093766753
-37.266782134200966,146.72550027493236
-37.266873274896604,146.72609382047665
-37.26687944814437,146.72666526954404
-37.26684607195966,146.72723161267646
-37.26675944059742,146.72767222383422
-37.266536365472845,146.72815133593423
-37.266388800875575,146.72878492412576
-37.26637729353772,146.72876946138618
-37.266380265951376,146.72879700337805
-37.26610814615543,146.7291561573065
-37.2659873612222,146.7295864535518
-37.26591737246774,146.72998859447662
-37.26580665548787,146.7304904763838
-37.26609064857221,146.73096849863035
-37.266275384236195,146.73146356814328
-37.266454809020146,146.73182690508025
-37.2665666117724,146.73241670210803
-37.2665594470534,146.73283377597596
-37.266471272203376,146.7334095740385
-37.26630810087095,146.73394906185277
-37.266012138698706,146.73444854820505
-37.264082743945124,146.73796235340575
-37.263702597253435,146.73833417805227
-37.263310454381546,146.73852415365667
-37.26299636474745,146.73874715622304
-37.2625762350516,146.73907486438233
-37.26221778259236,146.73901012306962
-37.261710661197036,146.7390233866241
-37.261201538366926,146.73899115452332
-37.26080379019344,146.73889485805634
-37.26048250844077,146.73874850297813
-37.26019966343874,146.73871399784085
-37.25985509211232,146.73867976655896
-37.2593992646107,146.73856686246125
-37.25901113178862,146.7384413061352
-37.259046534058456,146.73848133528006
-37.25901440002749,146.7384841707174
-37.259017300496055,146.7385244734133
-37.259011298826564,146.73853736663438
-37.25897443841769,146.73856370824006
-37.259010854340694,146.73854677246018
-37.25904580993565,146.73851597136675
-37.25907287204717,146.73854509947552
-37.25904240027566,146.73852617593684
-37.259018006353934,146.7385117341085
-37.25901470871652,146.7385247809674
-37.25904603262059,146.73855539783298
-37.259080595276956,146.73852054033682
-37.25906952776857,146.73853842795546
-37.25910778580915,146.73856599681162
-37.25911809506387,146.7385304895664
-37.25916606861203,146.73792678768487
-37.259238950783676,146.73739473578328
-37.259420970813295,146.7368481314109
-37.259471753992926,146.73636771819
-37.25947200939396,146.73589881808437
-37.259588054398556,146.73185121151812
-37.26002894713467,146.72816838920463
-37.260099210962004,146.7245246434191
-37.25988467447939,146.72102247276237
-37.25997488757905,146.71782621901812
-37.260094884441095,146.7155171794273
-37.26009879347689,146.71379880445738
-37.25995126597317,146.71213556808073
-37.26005266814224,146.71188791943442
-37.26095268371251,146.70800096994424
-37.25939771743395,146.70464088816055
-37.25796100122894,146.70045609346099
-37.25675938311729,146.697188419065
-37.25602922450147,146.694576667124
-37.25540545308478,146.6927317175224
-37.25503335637137,146.69134989630254
-37.25466308986747,146.68983048670847
-37.25459371567304,146.68955737450312
-37.25408108992213,146.68593486635905
-37.254007015069774,146.68538410137378
-37.25392508928428,146.68492535410076
-37.25376415212575,146.68430427327573
-37.25357113472371,146.68371587494786
-37.25228284871736,146.68036421200665
-37.25206506715302,146.68001198980124
-37.25182004925471,146.67962177418818
-37.25168473389309,146.67917967832747
-37.25145748708827,146.67864221280809
-37.25118526511123,146.6781136738589
-37.25091842100695,146.67764662651214
-37.25066549508626,146.67720461176927
-37.25035467273914,146.6768676138977
-37.25007630756338,146.6766615551788
-37.24970560555271,146.67656684515643
-37.24923607215163,146.67655412488725
-37.24877403244545,146.6766437766157
-37.245139652239324,146.67797211036648
-37.24218980599584,146.67891329535095
-37.23861109517753,146.68041725487956
-37.235604659837634,146.68177503553528
-37.233115063645876,146.68315386052154
-37.23141930449229,146.6844981259784
-37.231202172869686,146.6847208272564
-37.230833101733374,146.6849833280393
-37.230488036792835,146.6851703770658
-37.23010349886911,146.68534314173658
-37.229730149686766,146.68572381289167
-37.22933080748768,146.68598660691055
-37.2293389247965,146.68595985118597
-37.22937477922059,146.6859462179574
-37.22905761566655,146.68594185613196
-37.2260617721003,146.68542167802147
-37.223056785530915,146.68544904527303
-37.22269128643462,146.68544730925782
-37.222189505835686,146.68546914384368
-37.219312744053255,146.68594532777564
-37.21571268760454,146.68704839307756
-37.21218561472067,146.6886781849187
-37.209414979998705,146.68978428444294
-37.20750758382432,146.69090134337466
-37.20580344799955,146.69227637801217
-37.20542947564661,146.69249532499984
-37.20515497431511,146.69255876154693
-37.202324384629115,146.69332652097094
-37.19951277146555,146.69402106004497
-37.195754715895255,146.6953065428382
-37.193192226780994,146.69576132338565
-37.19124236360838,146.69444906971074
-37.18957907838025,146.69302152634836
-37.188199659660604,146.69225425602593
-37.18697837260175,146.69137644995533
-37.18678464990572,146.69116990037259
-37.183606382957706,146.68836840456208
-37.18053579120968,146.68576225973712
-37.17703740448623,146.68374850099678
-37.17422380328464,146.68271601909402
-37.17167167291294,146.68207545466575
-37.169680325395454,146.68200788227134
-37.16918064437831,146.68207776541573
-37.16920608625578,146.6820965196473
-37.1692088189134,146.68207416279796
-37.16917636471868,146.68208034710167
-37.16913641644166,146.68207080698585
-37.16913049278789,146.6820493302805
-37.169155900942066,146.6820854582184
-37.16913540030804,146.6821119616335
-37.1691096356169,146.68214746555816
-37.16913930812191,146.6821087172746
-37.16914073479271,146.68209428694377
-37.169138271620035,146.68211254495012
-37.16916714376406,146.68207819664858
-37.16915233070724,146.68206616289893
-37.16954009446365,146.68233340542542
-37.16997309521023,146.68247492932437
-37.17035716051993,146.68253852525527
-37.170883921643664,146.68255746767863
-37.17125893029298,146.68248475101143
-37.17122522837058,146.68252065735
-37.171251904631,146.6825226590027
-37.17127010340461,146.6825393018345
-37.17126983158756,146.6825507562444
-37.17125148567704,146.68251579960557
-37.17125827049778,146.68250835265405
-37.17121962265202,146.68251905486477
-37.171234254977044,146.6825449802376
-37.17123239425246,146.6825572636007
-37.171198254686196,146.68259826004055
-37.17117860616185,146.6826118354359
-37.17111785584397,146.6831156241726
-37.17100764906614,146.68360358356173
-37.17100589170898,146.6840565374623
-37.17111737912712,146.68453717855996
-37.17129892560219,146.684936244043
-37.171483215100245,146.68545337036016
-37.171565440421375,146.68586423134442
-37.17286987800766,146.69038405173794
-37.17353636427085,146.69385378673516
-37.17443431112089,146.6978937015042
-37.175040377898426,146.70191834531212
-37.17541147537685,146.70461510577024
-37.17592322903925,146.70693449146177
-37.17625089462628,146.70840886547887
-37.176577209644506,146.71019766647711
-37.176650064081926,146.71056831054653
-37.17821588115373,146.71460346830685
-37.17960684257349,146.71799771104853
-37.1781240829691,146.72102155443125
-37.176888208088066,146.72391587219602
-37.17565707364542,146.72673241345495
-37.174597514359746,146.7287102480898
-37.17443398168947,146.72917189859115
-37.17436327233064,146.72956934194954
-37.1743083784803,146.73003766918671
-37.17428037347125,146.73002589663596
-37.17461883049959,146.73041697532406
-37.17500556142668,146.73083763084065
-37.17528582821922,146.73109966928718
-37.17555066191977,146.73149421800065
-37.17588749652437,146.7319409571531
-37.175872621899714,146.73197088903237
-37.175900270918106,146.73194773321774
-37.17586249680004,146.7319818653908
-37.175827481343546,146.73194536175365
-37.175829392723124,146.73230386772815
-37.17578106922994,146.73266489123586
-37.175724751898144,146.73318328016728
-37.17559465491072,146.73376179780033
-37.17558593723078,146.73415600921467
-37.17562267173281,146.73413056347027
-37.17561858210847,146.73411988427998
-37.17562278677676,146.73411607818807
-37.17525431187653,146.73445916033708
-37.17500595491288,146.7346574906439
-37.174751445211584,146.7350944253776
-37.174596104710986,146.7354915184421
-37.1744841668593,146.73610224570893
-37.17438152524659,146.7366085195527
-37.174184213129486,146.73700220911874
-37.17421774984624,146.73697304089444
-37.174220423752,146.7370031813224
-37.17433275723183,146.73744568262646
-37.17442524912206,146.73795163819892
-37.174456158442595,146.7385086361583
-37.17409455200312,146.74271288853936
-37.173449364982154,146.747514386516
-37.17305604922378,146.7524062561814
-37.17315758339856,146.75638953100827
-37.17380029598678,146.7595206324199
-37.173096198736054,146.76165043933779
-37.17256955410869,146.76301077019696
-37.17205289533733,146.76455656812905
-37.171970501532165,146.76485073284283
-37.169977825705104,146.76855581914876
-37.168083268780045,146.7713524851773
-37.16786417206562,146.7717310914709
-37.167550043063606,146.77220568716342
-37.16720828949579,146.77263606971562
-37.16703704700313,146.77297903412997
-37.16681610876603,146.77329047902856
-37.1665228664743,146.77358575240356
-37.16627368556652,146.77406421384364
-37.166238698044744,146.7740297977057
-37.165896334805694,146.77398902141456
-37.165448451166576,146.77416957216073
-37.165205707132024,146.7743395984757
-37.16483711455768,146.77458899528196
-37.164555918509265,146.77467014630483
-37.16414277383173,146.77460725316405
-37.16383907269462,146.77471787207884
-37.16382077661809,146.77471607515054
-37.16383274689124,146.77470491722178
-37.16382941668008,146.77473316787177
-37.163815255452576,146.77471309853104
-37.16380738232443,146.77474226924699
-37.16381957867767,146.77477807218247
-37.16348153600736,146.77452162900553
-37.163060837919616,146.77423245443762
-37.16281763068602,146.77459258441573
-37.162809894030026,146.77456928461234
-37.162679327566664,146.77512187051147
-37.162478697694496,146.77566481793338
-37.162359302650714,146.77611074306768
-37.162187350873964,146.77639543260426
-37.16205333209451,146.7769334335223
-37.16178217157286,146.77736674614655
-37.161554765704814,146.77764736026086
-37.16124602214282,146.7779864470191
-37.16087818979209,146.77822077408544
-37.1605737314204,146.77841952838523
-37.16055646946064,146.7783889069222
-37.16055847957364,146.77836082977385
-37.16017250265049,146.77850327549166
-37.15976828104393,146.77865714436618
-37.15932292552188,146.77900072622379
-37.15900566983026,146.7791264274652
-37.15865198056374,146.77925437394546
-37.158349521614234,146.77951668971457
-37.15810987612961,146.77980424910137
-37.157228526514935,146.78424409565397
-37.157041028209754,146.78451169469005
-37.15676401595102,146.78487262954937
-37.156518604887545,146.78517881459132
-37.156482830572806,146.78514627324492
-37.156459714486566,146.78514344300356
-37.156420437067844,146.78517676512948
-37.15647082817574,146.7856310717396
-37.156551473881635,146.78617083609004
-37.15710385896015,146.79098346893377
-37.157346097451004,146.79513036106104
-37.157370817874956,146.79578186326293
-37.157315454982424,146.7962802398481
-37.15730822609374,146.79679335880152
-37.15728015633983,146.7972851381764
-37.15735697854267,146.7977123952754
-37.15733757848227,146.79820111899426
-37.15724307834922,146.79865320726446
-37.157216591256095,146.7992848073348
-37.15719270101822,146.79926004119957
-37.15720186313985,146.7992742288383
-37.15720382880026,146.79929302489074
-37.157222341282555,146.7992828576608
-37.15722184557134,146.7992663491269
-37.15723318891834,146.79930047624975
-37.15723242995539,146.7992867694314
-37.15724785601521,146.7992563623577
-37.157262357195314,146.79921730359558
-37.15681413828173,146.79920207164272
-37.1564716738606,146.79914927898687
-37.15646923488134,146.79917000469018
-37.1564862228689,146.79919140765313
-37.156468831099154,146.79915876612014
-37.15643061781192,146.79912306938184
-37.15612279443932,146.79899142251924
-37.15579169446436,146.79893317822342
-37.15534702774009,146.79875025575714
-37.15502308845523,146.7985157864676
-37.15470569443326,146.798233082923
-37.1544962350539,146.79798049942787
-37.15180058714782,146.7950383535821
-37.14951283591468,146.79258472644764
-37.14924088282446,146.79229659255563
-37.14894049316457,146.79213541257735
-37.148628246993056,146.79195763220542
-37.14830488225997,146.79181062587514
-37.14802458933907,146.79176109071844
-37.144878716866906,146.7914897537219
-37.14459550906379,146.7917430146113
-37.14422346457781,146.79210060126633
-37.1441848450508,146.7921276764466
-37.144185414808945,146.79213697874954
-37.14372771507037,146.79183828864208
-37.143382135274045,146.7916447086582
-37.140381701449954,146.78877160389044
-37.137859360538776,146.78615742727885
-37.13493130625451,146.7836761079075
-37.132676520492204,146.78203906705497
-37.13053143546654,146.78010232904572
-37.129095754919106,146.77889210611195
-37.127842634415245,146.77779006099396
-37.126762971194225,146.7766988134322
-37.126477058350766,146.7767073493826
-37.123710110529075,146.77973723499167
-37.12142284415079,146.78221421433608
-37.120818395354654,146.78658454018512
-37.12070751405507,146.7904046646897
-37.122954954163305,146.7916042852463
-37.1245906632766,146.79231822986046
-37.125765685256596,146.79256829761192
-37.12712234115017,146.79296573445433
-37.12740637734985,146.7930764582265
-37.13039118290959,146.79396052094725
-37.133670883988415,146.79472691503418
-37.137478797329756,146.79578484991276
-37.13784100029444,146.7959737723664
-37.138195263216694,146.79623069769946
-37.138557169795035,146.79636934709055
-37.138954562788065,146.79656757190085
-37.14153143226226,146.7980874933317
-37.14427623560774,146.79970705418148
-37.14729187062551,146.79773494966344
-37.14984033405001,146.79609420122173
-37.15216801416743,146.7946004224522
-37.15368716692209,146.793416480293
-37.154770030820494,146.79226604065994
-37.15568951182764,146.79127671028525
-37.15585475134093,146.7910212296405
-37.157896476371675,146.78828584931838
-37.159759817301946,146.78491938585438
-37.161785280676185,146.7819117891292
-37.1643820063975,146.7802760134921
-37.164636774156655,146.77998674494302
-37.16487433339415,146.77957489397812
-37.16490149197588,146.77959976658818
-37.164938843028,146.77960393193442
-37.16497804060141,146.77959821644828
-37.16497480677921,146.7795669421514
-37.16496590616523,146.77952807434104
-37.16500065322139,146.77953349511938
-37.16503658034469,146.77955926866446
-37.165005852716604,146.77953902491896
-37.16529239449404,146.7799543054016
-37.16522348363297,146.78040829623265
-37.16512120426883,146.78094170991264
-37.16421663373575,146.7849477293769
-37.16325407961482,146.78965785188637
-37.16266992273336,146.79372547343738
-37.16259093004694,146.7971599688219
-37.16258672787673,146.7977107227706
-37.162588327864306,146.80130525247603
-37.162746343822555,146.80589113283924
-37.1634026523908,146.8101618954232
-37.16397371997906,146.81329317551408
-37.164471817855336,146.81620497989394
-37.164754941826786,146.81891834316144
-37.164964629809184,146.82052338860376
-37.16528349661123,146.8219702254335
-37.165385707524685,146.82227970820963
-37.16666935319102,146.82608596016013
-37.16851452156498,146.83015938645576
-37.1708987180983,146.83394423039252
-37.17282307292094,146.83675787598924
-37.174150277887136,146.83883383538165
-37.175414132504066,146.84029610871818
-37.17687850015795,146.84005044147133
-37.17817794658979,146.83966632002935
-37.17851044967722,146.83960416839577
-37.18234377300485,146.83910012475883
-37.185238401976704,146.83833168196995
-37.188291551419134,146.83757726429187
-37.19085684443338,146.83714162822244
-37.19301267873712,146.83661997911315
-37.194740276373,146.83606298372186
-37.19589733165661,146.83555548625554
-37.19726933637438,146.8352008145906
-37.19757650634582,146.83514945282406
-37.20118402383775,146.8351113043872
-37.201558514197565,146.83499964607864
-37.20197519093127,146.8349964182821
-37.202468356924186,146.83506422881354
-37.20294498916133,146.8350888561669
-37.20328715720527,146.83505913505107
-37.20358599325136,146.83507995027446
-37.20360643072326,146.83511006574992
-37.20362166917843,146.83510329820544
-37.20361832550148,146.83511679853748
-37.203608782557566,146.83509290931136
-37.20359057713082,146.8351133636394
-37.20361922454831,146.8350894359968
-37.203916270935665,146.83519744125562
-37.204364321799304,146.8355032508265
-37.204751480045985,146.8356501196168
-37.205124799659934,146.83561017375325
-37.205531577881096,146.83540986362578
-37.208746810482566,146.83416698466016
-37.20910791483842,146.83419555493435
-37.20940111075119,146.834137948278
-37.20983493719813,146.83423667625678
-37.21030092574927,146.83434121861586
-37.210611078477385,146.8344639047293
-37.21061478687539,146.83449451658782
-37.210600438715325,146.8345287831172
-37.21062846957248,146.83450106646168
-37.210637712112224,146.8344804534785
-37.210653927955335,146.83445459908543
-37.21066123605498,146.83447138059734
-37.21068658111458,146.8344845676733
-37.21067274735376,146.8344842874686
-37.21070022345555,146.83444902824223
-37.21069086922622,146.83444416677494
-37.21067174101911,146.83446656985586
-37.21042363499627,146.83472844265287
-37.20777120897471,146.83654921059974
-37.20737168127628,146.83669590207833
-37.20735415948905,146.8366575780542
-37.20732209102744,146.8366291480859
-37.207310572435624,146.83664832332
-37.20728943052054,146.8366267014411
-37.206844642066095,146.83697286860618
-37.206561822603774,146.83723576884907
-37.206299319553565,146.83736953460985
-37.20309959714427,146.83988331565496
-37.20267315653306,146.8402058569211
-37.2023053425151,146.8403751397083
-37.20186815528189,146.8405810376793
-37.201881583206614,146.84061175985633
-37.2019187487505,146.84058437461755
-37.20193400311613,146.8405666623127
-37.20195900450833,146.84058669034044
-37.20199965228838,146.84057304600344
-37.20198375770078,146.84056941285107
-37.20201842307256,146.84058738527003
-37.20199330636232,146.84056153487302
-37.20203094964329,146.84056295352843
-37.20203861782223,146.84093179544172
-37.20208021100937,146.84141771456612
-37.20238819412756,146.84505415603132
-37.202308973695104,146.84567624454803
-37.20215229542344,146.84619943048554
-37.20205195705616,146.84661103612595
-37.20186728710553,146.8470115849636
-37.20161275475965,146.84753708699827
-37.20128308013298,146.84801261109453
-37.20114044169794,146.84835565783848
-37.20095261462834,146.84873008938214
-37.19894495026961,146.851562077815
-37.198637950974316,146.85188366232856
-37.198311462771564,146.85205080144038
-37.19795059582817,146.85238284407623
-37.197532699031555,146.8526612813482
-37.19727807857162,146.85300824487652
-37.19706960638946,146.85343287028613
-37.19675367850829,146.85385441881027
-37.19673278452787,146.8538303619109
-37.19675275551322,146.85381697029783
-37.196763856777444,146.85382613807639
-37.19676187673369,146.85379833098372
-37.19634749139805,146.8537667377915
-37.19600489941335,146.85381159854623
-37.19568578771316,146.85393476710158
-37.19535103391943,146.85400411310908
-37.19507216662559,146.85413974856027
-37.194595331422356,146.85433579521987
-37.19428758222781,146.85450990248228
-37.19392565732436,146.85443751378716
-37.19102548855969,146.85425167100433
-37.19061884589389,146.85413661449837
-37.19015695042943,146.85410760952232
-37.18973371397391,146.8542152123898
-37.189345912101324,146.85422394546993
-37.18894675389683,146.85410474358477
-37.18849046828867,146.85409477391477
-37.18637479047717,146.85159726219757
-37.184051199360155,146.84857559755454
-37.18140730061136,146.84493011569583
-37.17996790277579,146.8424218029558
-37.17848732974639,146.8404677906698
-37.177169487434774,146.83839241638105
-37.17618956610961,146.8371080699754
-37.176499490629205,146.8352392990016
-37.176506189826746,146.83480588551893
-37.17667231849944,146.83426310585241
-37.17678588117935,146.83383323898653
-37.17686735307703,146.8333773577523
-37.17692675440524,146.8327604164604
-37.17714312322246,146.8279492849126
-37.17745835123989,146.82755413534696
-37.17769498648721,146.82711194409202
-37.1778612915759,146.82682001374422
-37.178022659629086,146.82634748012603
-37.17812313080039,146.82593525485768
-37.1781380769881,146.82590185282143
-37.17817230025726,146.82588728698016
-37.178189974178046,146.82589699003245
-37.17793191046686,146.82536478599
-37.17763216469475,146.82493705953172
-37.177432643073075,146.82454159856874
-37.1772294124249,146.82406003026475
-37.17719769955498,146.82407808815887
-37.17710457925188,146.82366466941986
-37.177036814063534,146.82312386909572
-37.17688551082245,146.8226118799258
-37.17683289395826,146.822241702034
-37.17670001281049,146.82173018646287
-37.17657503936438,146.82132214538805
-37.17643859477608,146.82077312357916
-37.17619614271811,146.8203120898887
-37.175980862605996,146.8197449908301
-37.17580934272394,146.8194300636686
-37.17557477551892,146.81893165478826
-37.17547737350504,146.81832142041043
-37.17548176250692,146.81832060379685
-37.17546111510239,146.81833567726716
-37.17543602248768,146.818367580394
-37.175475471617695,146.81839396312665
-37.17549840657958,146.8184221577298
-37.17551313873799,146.81841401891901
-37.17554157176047,146.81841286170913
-37.17554217273733,146.818450879356
-37.17550413396344,146.818485405233
-37.17553943182569,146.81850730036598
-37.17556697812723,146.818523367553
-37.175564489393466,146.81851248601882
-37.175594856624905,146.8184919076694
-37.175583319979886,146.8184544370297
-37.17554876568736,146.81845072341034
-37.17555509318782,146.8184687089
-37.17553602375748,146.81845785673073
-37.175551694539344,146.81849599007913
-37.17553438230273,146.8184644941571
-37.17507752953412,146.81822898369964
-37.174856690678574,146.81802968254118
-37.17455274057823,146.81775008358954
-37.17435423442928,146.8175071158786
-37.17420929781493,146.81708418043308
-37.17393489956455,146.8166128168629
-37.17396740792628,146.81660011757103
-37.17400649506467,146.81657135664057
-37.174027050469164,146.8165364435269
-37.17402327702827,146.81650108836845
-37.17401437066947,146.81648707155722
-37.17403297177156,146.81652318025212
-37.17405783576769,146.81651004246234
-37.174023715317695,146.8165076890561
-37.17405435962619,146.81646595013362
-37.1740719611752,146.81645816967995
-37.17404721152681,146.81649450571297
-37.174066555420595,146.81646527204026
-37.17403126097275,146.81650228016187
-37.17399470102713,146.81653460479072
-37.17396637145732,146.81650097779274
-37.173998939268415,146.8165039349964
-37.1740009178859,146.81652760008257
-37.17400041022869,146.81651205422725
-37.17399468886758,146.8164853270229
-37.17401083286428,146.81649463634184
-37.17403192254684,146.8164768025603
-37.17453899611244,146.81640305881976
-37.17493608772893,146.81630883357465
-37.17533571411325,146.81605362859952
-37.175599884849085,146.81581496280762
-37.176029161567314,146.8155035077235
-37.17642789515833,146.81513037016018
-37.17687394223193,146.81482320893807
-37.17734002485055,146.8145302388841
-37.177827621154094,146.81431643918015
-37.1782888419398,146.81415797369903
-37.178303096345374,146.81412699247124
-37.1782650482758,146.8140939782621
-37.178289093282835,146.81408492198415
-37.178298900892905,146.81406837664582
-37.1782855078474,146.8140695225926
-37.178250859090205,146.8140357731567
-37.17850679595579,146.81367058117047
-37.17876255253911,146.81333269853442
-37.17892052792902,146.8129278025098
-37.17901478668167,146.81250993927446
-37.17912160575827,146.81203007712514
-37.179293948088315,146.81159072304624
-37.17954909682034,146.81121761718538
-37.179797452675345,146.81067087302446
-37.17995011756917,146.81019786769247
-37.18001317569352,146.80965831515167
-37.17995735856374,146.8090384777089
-37.17995202891508,146.80845286222302
-37.18000333849634,146.80809089197896
-37.17997331856656,146.80748988522313
-37.179844947038916,146.8070533557512
-37.1797380796205,146.80660806680552
-37.17962788957021,146.80625964697626
-37.17960188152507,146.80624896952435
-37.179608349450774,146.80627940594437
-37.179585205023585,146.80628044655037
-37.179608563520034,146.80627173174608
-37.17958235102729,146.80630758867986
-37.17959889202792,146.80633152043384
-37.179574121239355,146.80630062444212
-37.17953538178487,146.80628120691662
-37.17953775144249,146.80631452371864
-37.17954544292603,146.8062798705232
-37.17951977311968,146.80629548541017
-37.1794871434867,146.80630708546664
-37.17948255956756,146.80629404730396
-37.179555519212784,146.80579124832647
-37.179594236093855,146.80519244059573
-37.179510399900764,146.80457516437914
-37.179547677358904,146.80420540468006
-37.17966317654644,146.80382101345145
-37.1798284089054,146.80338182343084
-37.18012172809877,146.80303759458286
-37.180102544227815,146.80303202753203
-37.180100508417006,146.80301724547118
-37.180104146384,146.80303934507182
-37.180138097736254,146.80305836832804
-37.180138160068196,146.80309326101795
-37.180129934992515,146.80312660065312
-37.18010719313231,146.80315957940914
-37.18011511344544,146.80319659366768
-37.18014115673422,146.80316091642902
-37.18012296155279,146.80312569858393
-37.18015531370043,146.80313015369765
-37.1801290479914,146.80314066156905
-37.18020285757246,146.80377726631912
-37.1802600896553,146.8043152643197
-37.18044128804598,146.80481071619815
-37.18041618933616,146.80479206767131
-37.18041871917754,146.8048316486663
-37.180356759088674,146.80532572539846
-37.179395334075494,146.80912356138865
-37.17793948088268,146.8132752317426
-37.17722559006843,146.8174063551329
-37.17711306272571,146.81783470504587
-37.17709855026354,146.81838669185
-37.17701895486699,146.81881492967216
-37.17705352382459,146.81942903595072
-37.177065973458866,146.81941878452403
-37.177044814068616,146.819434087548
-37.177017645782946,146.8194688945484
-37.17672061988572,146.81974142543626
-37.17642023458224,146.81987797131154
-37.17605109551229,146.8201307379227
-37.1760899969835,146.82016236559934
-37.17608848638703,146.82014970448995
-37.176093438707916,146.820171995191
-37.17609988135792,146.8201417792547
-37.176078153275405,146.82015905218253
-37.176072881624506,146.82018306379985
-37.17579674067816,146.820668440358
-37.17564266386056,146.8210708916198
-37.17541909029678,146.82147089344477
-37.17526003223557,146.8220145181918
-37.17512740828792,146.82238784279969
-37.17469000331197,146.82253892203104
-37.174318020924,146.82274971987232
-37.173944261559434,146.82310403187643
-37.17396001625414,146.8231386258265
-37.17394118937066,146.82315660049102
-37.17395789229728,146.82317219889484
-37.1739942173011,146.82316142433126
-37.17398877678777,146.82318718270906
-37.174000885596705,146.82320044167938
-37.17402990910708,146.82316234185066
-37.17403941990806,146.82315717155345
-37.17401826610217,146.82314909172098
-37.17350415257445,146.82326452649616
-37.17316429147856,146.82345246475657
-37.16950192345894,146.82506975268706
-37.16656191000992,146.82360359688556
-37.16605592411045,146.82353402678206
-37.16568144922404,146.82311570488253
-37.16540477944777,146.82287986838122
-37.16498544488484,146.82268269561837
-37.16464919131526,146.82252284503627
-37.16442328268393,146.8222880660308
-37.16404931013001,146.8221769423984
-37.164073163997905,146.8221542711333
-37.16404357123674,146.8221891911374
-37.1640218569472,146.82215559933152
-37.16400062646699,146.82215305273704
-37.163959744718056,146.82216107150373
-37.16397070785535,146.82213848225484
-37.163978869521294,146.8221628961786
-37.163948691229415,146.82218990040104
-37.163947516670355,146.82217286539438
-37.163952083535875,146.8221441371998
-37.163914590243365,146.82217699610317
-37.16403584992094,146.82253447623893
-37.164251997261424,146.82310721223809
-37.16432795151937,146.8236126114729
-37.16449432371248,146.82416804986752
-37.16449056593205,146.82419296359396
-37.16451736991128,146.82418097925984
-37.16454541210517,146.82416218454466
-37.16453021016911,146.82414054327984
-37.16452308459479,146.82414898368984
-37.16412012472185,146.8242528333272
-37.16378030205252,146.82445561958698
-37.1634685727296,146.8247550972483
-37.16307197609028,146.82508409095925
-37.162710804746226,146.8253948457921
-37.16274535565781,146.82586213039772
-37.16280875804438,146.826415841121
-37.163404065191365,146.83083656367594
-37.16405865423197,146.83506520839208
-37.16500952001084,146.83887225571365
-37.1682042537516,146.83949662189775
-37.168541624228226,146.83959289705126
-37.17196831297278,146.84082859210045
-37.17578845781055,146.84174017831185
-37.17615579734413,146.84145264363747
-37.176367139954415,146.84115934825175
-37.176610683604,146.840657887271
-37.176645856338105,146.84063991697238
-37.17663814382064,146.84063971744416
-37.176673170866636,146.84065264417418
-37.17678445248047,146.8401691031415
-37.17689873005561,146.8397070336075
-37.17687089699295,146.83912283629536
-37.17686379913979,146.838569435648
-37.17674751686159,146.83818472060867
-37.1766489733915,146.83783959807002
-37.176025778777365,146.83319946691904
-37.175678389427596,146.8286811077402
-37.1755025905391,146.8280791439123
-37.175250318823466,146.82764149791947
-37.17507454315483,146.82729261563492
-37.17185391908815,146.82676971677066
-37.16920613838874,146.82455208525172
-37.166439465511914,146.8225580368599
-37.163708266743896,146.82120746430107
-37.16337830031751,146.82111744777174
-37.162840764949124,146.82104626444033
-37.162436095502734,146.82091391694445
-37.16242648051283,146.82090908750513
-37.162129361039995,146.82059907250135
-37.161945702845856,146.82028033552723
-37.1618383017193,146.81989223053458
-37.16183724567486,146.8199003629598
-37.1618059805475,146.81991411273904
-37.161795915388076,146.8199062968122
-37.16181437166408,146.81989337707262
-37.161795412393204,146.81988158642076
-37.16214231329842,146.81964636283746
-37.16212430573639,146.8196244542414
-37.16214497315956,146.8196624333629
-37.16213598566314,146.81963303439713
-37.162158647724404,146.81960962324217
-37.1621373114752,146.8195824206699
-37.162103244918626,146.8195912984807
-37.16213626997809,146.81959920709994
-37.16211848599961,146.81963578414303
-37.16209379382696,146.81961192913766
-37.16212309909011,146.81958426356874
-37.16214913579193,146.81954988219053
-37.16174763518893,146.8193637509192
-37.161318983349986,146.81927938514278
-37.160995402648695,146.8190699569525
-37.16066681440851,146.81890809844418
-37.16018116890699,146.81876005806666
-37.15992447792297,146.81851990535765
-37.159929850318996,146.81850901526707
-37.15993028254948,146.81852573959125
-37.15990731259863,146.8185144108684
-37.159927302679904,146.81853541659993
-37.15988854609368,146.81850354574115
-37.159852309848375,146.81847900950817
-37.15986228237077,146.81844127723483
-37.159746972614485,146.81794026028894
-37.15971902798249,146.8174740040332
-37.159571807403374,146.81710540821587
-37.15950496647662,146.81673178352122
-37.159311845777026,146.81624863751503
-37.159030067439566,146.81576047384144
-37.15877104677262,146.8153828668148
-37.15864040135002,146.81501175789649
-37.15862030524988,146.81500108875485
-37.15865954238094,146.81498160131162
-37.15865795127444,146.81497015885589
-37.15867470863453,146.81498613423878
-37.15866315388001,146.8149793989883
-37.158686287296426,146.8149430132648
-37.15871848802074,146.8149626088197
-37.158687549818005,146.81492821181507
-37.158705298276175,146.81494327059602
-37.158718247219454,146.81496959502255
-37.15869971376716,146.81494496902903
-37.15867179349504,146.81496039618318
-37.15865009320824,146.81493086981115
-37.1586546349058,146.81496019681552
-37.15868803903609,146.8149582749373
-37.15868613130079,146.814979485064
-37.15869248819745,146.8149724048809
-37.1587236124152,146.81496704464655
-37.15873367369135,146.81499294580544
-37.158705068951406,146.81496808776046
-37.158686094626574,146.81494862842223
-37.15868307164692,146.8149361241291
-37.15868346568232,146.81494553520534
-37.15870732264416,146.8149461253289
-37.158686599851364,146.81494970149785
-37.158699331593844,146.81497930751726
-37.158726973726026,146.8149966535118
-37.158738150547975,146.81499069468475
-37.15877479292204,146.81498202439334
-37.15879769174744,146.81495043846942
-37.15879437249514,146.8149456060152
-37.158758546799724,146.81494254915336
-37.15876805689456,146.81497000159206
-37.15879190293575,146.81495382283734
-37.158757702291126,146.81497831303406
-37.1587990435371,146.81500684566535
-37.1588272222495,146.81501915355074
-37.15879404633767,146.81505430712903
-37.15872239337552,146.8154432730982
-37.15862251736272,146.81595283461147
-37.15837611578594,146.81648391262854
-37.1582940664402,146.81691472409548
-37.15812094348016,146.81731793341274
-37.15711333767852,146.8211666672206
-37.15423875304522,146.82352441232126
-37.15074597977885,146.82562282985418
-37.14812240285491,146.82713613636125
-37.14597725024412,146.82905025697707
-37.14416445377069,146.83031966430173
-37.14281179999879,146.83122008921026
-37.14242235183385,146.8313291152363
-37.142458463272845,146.83136049168797
-37.14245200500333,146.83137426537468
-37.14242196399245,146.8313645073951
-37.14244281848309,146.83139073021397
-37.14245577171772,146.8313575148249
-37.14249149668879,146.83139418956307
-37.14249176158028,146.83135690232436
-37.142725301745706,146.83168373186552
-37.14290796393208,146.8320074139076
-37.142897464975626,146.83202939982957
-37.14292337677773,146.8319915706919
-37.14292223677907,146.83196381840315
-37.1429407261298,146.83196246441057
-37.14293653232361,146.83192834595633
-37.14263810959919,146.83210011118274
-37.14010731506196,146.83450128900145
-37.140040708732094,146.83831656989625
-37.14012852365492,146.83873722826422
-37.14117170909766,146.8430606045104
-37.14245223291465,146.84671947774785
-37.143709559235546,146.85103887637027
-37.14451667893362,146.85396948020866
-37.145407647878024,146.8562156073242
-37.146056499077915,146.85862847640425
-37.146397889196145,146.86011273205133
-37.146499082506544,146.86071824127745
-37.14655238096504,146.86113579641906
-37.14653040310794,146.8616751166666
-37.14656401397331,146.86221303352426
-37.146543109940964,146.86218843190278
-37.14654964711614,146.8621746984052
-37.146581922139745,146.86218481992668
-37.14659982750879,146.86216162520046
-37.146851575425224,146.8624740106373
-37.146844668015454,146.8624776617964
-37.14685342487977,146.8624494651757
-37.146852195731846,146.8624715288815
-37.146870165676496,146.86244147393046
-37.14689308052088,146.8624283968004
-37.14690765940871,146.8624162675269
-37.14692427926394,146.86238153674864
-37.14695898767168,146.86242059089776
-37.14694796163274,146.86246086955867
-37.14693556374108,146.8624604802613
-37.14690460168925,146.86247681356835
-37.14693775744124,146.86247872413432
-37.14716601072849,146.86280384910899
-37.14728839334398,146.8631721873538
-37.148766593385574,146.8668713370053
-37.15002871763115,146.8700679905914
-37.151219591513495,146.8738496869807
-37.152681029685226,146.87703769718402
-37.15388420762286,146.87943900295238
-37.154098779745084,146.879772873116
-37.15433361793393,146.88017216956877
-37.154451522322,146.88060934108128
-37.154652661018,146.88091824688016
-37.15469045560819,146.88089700788484
-37.15470436118662,146.88089952441123
-37.15511746912288,146.88059554388644
-37.158227330252416,146.88189018754588
-37.16150357147485,146.883057824432
-37.16448780900719,146.88457941387642
-37.167313174949676,146.88641562294492
-37.16925639878433,146.88765454056696
-37.1709970702427,146.88886543965475
-37.172340076630036,146.88968491111686
-37.17336272032676,146.8909657480426
-37.17360057604712,146.89117178395756
-37.17596947245465,146.89368610196587
-37.17849371414156,146.8960904665035
-37.1806100707906,146.89911807416328
-37.18266780048695,146.90180581503256
-37.184471102415486,146.90390130135486
-37.18486057567056,146.9059542381549
-37.18543354600983,146.90751768764534
-37.186576773975524,146.90787762251412
-37.186791350883,146.90796540883525
-37.190529011438635,146.90917837033373
-37.1940409783739,146.9104781877492
-37.19787751936863,146.911045883181
-37.201075247716865,146.91146195186553
-37.20362554394772,146.91188108078057
-37.20579875517896,146.91177641000436
-37.206126358211876,146.911757427276
-37.20646669296728,146.9117597403989
-37.20688314710399,146.91169839325002
-37.20690953625783,146.91170438410498
-37.20692158271645,146.91168138588668
-37.20691931040622,146.9116715116042
-37.20690950557066,146.91164360476733
-37.20693493952762,146.91167630030102
-37.20690307967048,146.91167908493114
-37.20689882367,146.91164208940543
-37.207385709790245,146.91164306447834
-37.20755342466821,146.91113932339024
-37.207682357720415,146.9107020640652
-37.207817596416476,146.91019623558748
-37.20802636984716,146.90976132691432
-37.20828402383139,146.90943401289724
-37.20848441848894,146.90909148962933
-37.20879151037332,146.90861605580017
-37.20905653926353,146.9082741958902
-37.20950118517133,146.9079807594367
-37.2098544800341,146.90764825048137
-37.210029153793045,146.90733249904824
-37.210401802372836,146.907010305708
-37.21076502392851,146.90655446420215
-37.21093606429444,146.906176562275
-37.2109818725801,146.90577792560285
-37.21095456362273,146.90577613997561
-37.21091901935488,146.90574942880212
-37.21122973607089,146.90528254604345
-37.21348319541653,146.90129509019172
-37.215479332556406,146.8980056569986
-37.21799727359792,146.89486371258727
-37.2183297532424,146.8944584681213
-37.21847218256841,146.89407523231088
-37.218727018115764,146.89375948309643
-37.22144486596936,146.89031769479735
-37.22402147682377,146.8867605041256
-37.226091778265484,146.8840942705559
-37.22560796665115,146.8810627918494
-37.22495206656491,146.87790163579706
-37.22475597412955,146.87593618283756
-37.22441066524231,146.8741548682865
-37.22488663645901,146.8727866804294
-37.2249675882665,146.8725492475552
-37.22437345591112,146.86858887138868
-37.22422967316813,146.86503248084114
-37.22386093617388,146.86125143107856
-37.223886527300465,146.85730100199427
-37.22276558611607,146.8548111250616
-37.22178494617123,146.85296726438318
-37.22109837830048,146.85120957171748
-37.22052041162799,146.84961685970745
-37.220386940648545,146.8493460402705
-37.2189669545176,146.84600076298605
-37.21778615396288,146.84256847426695
-37.2166328096708,146.83814060982957
-37.21593555682821,146.8346971737293
-37.215679426969956,146.83158636156568
-37.215296271286,146.82971083698237
-37.21436186794022,146.8286048432821
-37.21313599658614,146.8274116985146
-37.21297218883899,146.82717679849154
-37.211081748683505,146.82446442042098
-37.209229167118366,146.82149408201062
-37.2077049275985,146.81851572980315
-37.20609332658674,146.815529918733
-37.20588647776095,146.814942312611
-37.20580059432361,146.81440261800856
-37.206042590868755,146.8141461010562
-37.20855103806269,146.81130273662723
-37.21136309819284,146.80792676340747
-37.21331545588193,146.8048544715233
-37.21347467681125,146.80451009215093
-37.21353698253873,146.8040946928736
-37.21367646028957,146.80352584515032
-37.213715801355754,146.80348520403354
-37.21368566085766,146.80351097452194
-37.21372306318303,146.80351505970583
-37.213709783939706,146.8035419425827
-37.21368561273078,146.80357716796507
-37.213705138110235,146.80357746733435
-37.21368933362832,146.80355407564377
-37.21369336153382,146.8035421803153
-37.213683044950834,146.80353153244425
-37.21370771872727,146.80353052943894
-37.213669176278174,146.8028855477877
-37.21365001542085,146.80239969677345
-37.21367965174756,146.80238729512647
-37.21370347300036,146.80238746958554
-37.21371546231333,146.80242233709524
-37.213672162358804,146.80200077639145
-37.21367663631194,146.8019740974593
-37.21366910642084,146.8020017028401
-37.213631644794575,146.80203918394298
-37.21366745932246,146.80204232611172
-37.21367279784577,146.80204579952175
-37.213701038750976,146.80202537624865
-37.21366207220913,146.8019908407599
-37.21357231748033,146.8024702365309
-37.213591082324776,146.80244214959575
-37.21362659740497,146.8024316485048
-37.21361462137871,146.80286341730968
-37.21373791399752,146.8032972328059
-37.21478569035435,146.80756318349324
-37.21485354446825,146.80800986038966
-37.215037812825344,146.80841006391682
-37.215297415710445,146.80892331760688
-37.21545691658178,146.80936671510943
-37.2155650231416,146.8098371430287
-37.21555698215121,146.81021066547598
-37.215520720519805,146.81066351785137
-37.215443537139386,146.8109960620105
-37.21538234557008,146.8115587021022
-37.21556566047692,146.81207025804363
-37.21572640474405,146.81263330153655
-37.21580917563624,146.81304755277614
-37.21584649343655,146.81304352590152
-37.21583155336192,146.81308199307708
-37.21584134672043,146.8130644965943
-37.21580394552668,146.81306434089527
-37.2158115200618,146.81303835096614
-37.215831557187386,146.81304370610368
-37.21581305675471,146.81306048107498
-37.21582497876775,146.81306974648473
-37.215813830027614,146.8136748497379
-37.21578660410064,146.81369027261397
-37.21578440522564,146.81372982118128
-37.21582361417338,146.81428440589292
-37.21587684852658,146.81475144496767
-37.21600196729298,146.81521228385844
-37.216159006447384,146.81556873920465
-37.21762002181301,146.81896882135322
-37.21924626246361,146.8225071105384
-37.22087348321821,146.82632494967223
-37.222014806352405,146.82929515433258
-37.222199324413076,146.82978603362204
-37.2224547012247,146.83024503007013
-37.224442135266784,146.833190150735
-37.22706837269071,146.8362247310753
-37.22968293799731,146.83935575661377
-37.230099363869975,146.8435363398978
-37.230744869594375,146.8463173389078
-37.2314199781251,146.84825794162663
-37.23150579903451,146.8487532853794
-37.23154851849708,146.84924969760715
-37.23155678276942,146.84928799281343
-37.231542778926574,146.8492998919082
-37.23152080624539,146.849264343525
-37.23149906567848,146.84926825801196
-37.23146876167524,146.84930193317965
-37.23143818144959,146.84933456641537
-37.23141329557749,146.84931156007127
-37.2313899003467,146.84934040324794
-37.23141926025442,146.84933005787303
-37.231409519459156,146.84930656193455
-37.23138964720421,146.8493094606393
-37.23136143691684,146.84932199752188
-37.23133462004035,146.84929682495206
-37.23136596678532,146.8493038597773
-37.23135838895621,146.84929354139797
-37.2313411026627,146.84927126451308
-37.23133165326841,146.84929336456182
-37.23136626599112,146.84927755209938
-37.23135853597078,146.8492703152092
-37.23133960412378,146.84924601052666
-37.231305662336084,146.84923373243683
-37.23134118452118,146.84926506909608
-37.231310444775836,146.84922458532208
-37.231281215631896,146.84920934058195
-37.23127234251923,146.84923117690036
-37.231247602031516,146.84926594338074
-37.23121251242264,146.84925558174206
-37.23119271734709,146.84924864361346
-37.231173301098075,146.84925587805705
-37.23116856108043,146.8492804879107
-37.23113931676551,146.84928327433033
-37.23113019922293,146.8492609371501
-37.23113171562251,146.84926739455233
-37.23082488497643,146.84938012535332
-37.22706605300479,146.85034484504106
-37.223517119692445,146.85101378679715
-37.2196689349183,146.85110343492445
-37.216507511411734,146.8508707941801
-37.2161095608363,146.85085970189252
-37.21572898851756,146.85075726731318
-37.215704974397255,146.85079084602324
-37.21573500442594,146.8507988836284
-37.21576077475485,146.8507667523431
-37.215740193271245,146.85079874101376
-37.21570333788181,146.85078366745097
-37.21571691261357,146.85075812977453
-37.21571788842249,146.85015668884895
-37.21574629404345,146.84971567879995
-37.21631111838626,146.84505358628434
-37.21640512734415,146.84112709861608
-37.216152799447826,146.83727602501216
-37.21610298492409,146.8340575441633
-37.21607659227489,146.83081496596532
-37.216155116047325,146.82855424134434
-37.215976931346354,146.82661430973693
-37.215623474139655,146.82471803330773
-37.21561278546499,146.82437781355677
-37.21544963388307,146.8200240980951
-37.21551834846632,146.81956105305255
-37.21551957837709,146.81953304734188
-37.215481418130246,146.81952502121433
-37.215474152113245,146.81953175151747
-37.215511598247375,146.81951923035817
-37.215495775228995,146.81950366443724
-37.21551057312445,146.8194955702314
-37.215548654710666,146.81953397367192
-37.21558140439333,146.81954864890204
-37.21559512518298,146.81956205212128
-37.21557269770177,146.81958910430433
-37.215561751798525,146.81955009775544
-37.215526752317714,146.8195697219732
-37.21550688303413,146.81959425266874
-37.21553810031272,146.81961140032513
-37.215071791841446,146.81926316810873
-37.21167957051333,146.81706206553875
-37.20854152014433,146.81472989830334
-37.20565539778327,146.81230491482194
-37.20359730836192,146.81072443124424
-37.2016259646821,146.80919504804592
-37.201436146608835,146.80888039968121
-37.20126732289959,146.80849566773693
-37.20108501520953,146.80816361386715
-37.20079128559372,146.8077382010184
-37.20041207425994,146.80740571491884
-37.200049203818395,146.80722831103918
-37.199692371945375,146.80714270444597
-37.199270009515445,146.80692286464753
-37.198972682090904,146.8066904297494
-37.19866437476849,146.80633769693205
-37.198393919880836,146.80595178907373
-37.19819545885863,146.80551120762968
-37.19795093357577,146.80518500497345
-37.19764661409313,146.80472791375817
-37.197332389573525,146.80444559262185
-37.196941844778024,146.8041994980115
-37.19673383803788,146.80389103032851
-37.19290354128048,146.8038042503137
-37.192481470273165,146.80394135367757
-37.19220226650169,146.80396855663034
-37.19176495370747,146.80408343013968
-37.191322265478604,146.80403127428858
-37.19106232705897,146.80412634735006
-37.1906752942159,146.804202156621
-37.19029743384821,146.8038078170819
-37.189975602289906,146.80347975761433
-37.18755778979846,146.80057328303738
-37.18513867017753,146.79713594664838
-37.182335876108034,146.79384778733308
-37.18019931283735,146.79071604132443
-37.178720790405684,146.7880617067543
-37.17766040722699,146.78645297172542
-37.17686259259622,146.78524802764935
-37.17646682515706,146.7838915602762
-37.17642883945508,146.78356447870723
-37.17501956503984,146.77900762847239
-37.17346473450613,146.77507289779416
-37.1715492167512,146.7715390461329
-37.17014226334076,146.7687980377329
-37.1709379355365,146.76653119837627
-37.17161939805892,146.76458779496608
-37.172002830924065,146.76304673863032
-37.17244516426783,146.76150236252812
-37.172598801781895,146.76118002381034
-37.174445867417404,146.75717258373194
-37.176784545814115,146.75332669602562
-37.178882996654856,146.75013031244876
-37.18088508710634,146.74735321210082
-37.18067966402356,146.7444238092017
-37.18073150216745,146.74239247725654
-37.180622809759605,146.7405952803195
-37.18032074156413,146.73909824908355
-37.18037431425214,146.73866016515944
-37.18045445345435,146.7382956794868
-37.18047895569129,146.73828780519332
-37.18045375771131,146.73829598322658
-37.1802445454212,146.73787646247166
-37.179953561525096,146.73740181639647
-37.17981707965401,146.73704181507847
-37.17959575309023,146.73647999846756
-37.17929682324667,146.73613234632757
-37.17723407529182,146.73282708648648
-37.17513536233945,146.72911563768386
-37.172975411812615,146.7251233376379
-37.17106080852875,146.72209301815644
-37.1694440394376,146.7205256529237
-37.16902588931147,146.72018567522306
-37.16866433799908,146.71989981813064
-37.1655583855223,146.71990935787346
-37.16266246712162,146.72023904433513
-37.16224771714619,146.72022960435794
-37.16193919346788,146.72009947362173
-37.161513827894225,146.7201029457466
-37.161223730470944,146.72024481961807
-37.16085852680224,146.7205547402582
-37.16066168556739,146.7208606282691
-37.16033091897351,146.721276056232
-37.16010753329643,146.7217034204134
-37.158561289652596,146.72486542939083
-37.158407644438064,146.72521982715136
-37.158431555307324,146.72521837085995
-37.158400337425284,146.72523154682028
-37.158414317514854,146.72524208232534
-37.15798720857969,146.7252292351774
-37.157585644349645,146.72521822282363
-37.15719205640261,146.72535693295845
-37.157224107012084,146.72538713613426
-37.15722608029665,146.72538005051427
-37.15695024885991,146.7253691285818
-37.15654930945043,146.725450156292
-37.15651920275494,146.72545216034885
-37.156544806129716,146.72542697464522
-37.15657571321252,146.72539104749882
-37.15660520777825,146.7254010329919
-37.15660747166702,146.7254112142508
-37.15662884493969,146.72540251255583
-37.15663822891743,146.72543305077747
-37.15666753316997,146.72541114278144
-37.15668184354195,146.72540457076587
-37.1566608323447,146.7254075735774
-37.15664370204664,146.72540066060114
-37.15666499863585,146.72538683828355
-37.156699128440835,146.72540293282705
-37.15672966886534,146.72540943996898
-37.156719245197955,146.72544571003343
-37.156705113276914,146.72543929340407
-37.15723674979319,146.7255154131906
-37.157578446873885,146.7255668535192
-37.1580253224097,146.72561815355058
-37.158470109344414,146.7255287757345
-37.158474711524356,146.7255269479437
-37.15848452090914,146.72552416761832
-37.1584779811928,146.72555194332008
-37.158484484887346,146.7255456894207
-37.15846615969312,146.7255644417035
-37.15848794935618,146.7255854205554
-37.15848363776488,146.72561461759662
-37.15844770237417,146.72561807399885
-37.15811294564663,146.7251677424317
-37.157869537904,146.72492962703052
-37.15758865081417,146.72457723686122
-37.15729933545028,146.72411700424487
-37.157153614243626,146.7237458623496
-37.157054676141165,146.72342458138425
-37.15688244535842,146.7229640199098
-37.15678051487649,146.72252291138028
-37.156551575075625,146.72195837190276
-37.15635257211641,146.72155937124845
-37.157759015624315,146.71794296068805
-37.15929931455521,146.71487585336962
-37.16180051314753,146.71127643660384
-37.16434480219891,146.70858105222192
-37.16570864964181,146.70668539364556
-37.16700572186736,146.70505668449985
-37.167263439103884,146.7046552569757
-37.167298503442076,146.70466640363054
-37.16731601719731,146.70468781420843
-37.16735415216488,146.70467242691277
-37.16733354773898,146.7046827594153
-37.16732625281803,146.70472435939877
-37.16736497356154,146.70475443279864
-37.167388035367765,146.70475572125076
-37.16742003032913,146.7047830303708
-37.16743751483885,146.70481763317397
-37.167410873195614,146.70484829981734
-37.16744482700174,146.70482946352988
-37.167656422067246,146.70428710888203
-37.16779368977001,146.70387635873965
-37.16989233294638,146.69980531726907
-37.17212571131429,146.6958894807403
-37.173912879375656,146.69174314097154
-37.174244145191416,146.691352538566
-37.17465863421393,146.6909548542496
-37.1749043907872,146.69057254490838
-37.175105596854294,146.6902242909751
-37.17547495511764,146.6898368148285
-37.175908718184935,146.6895288877406
-37.17631028109603,146.68953937849193
-37.176318156630934,146.68957827762478
-37.17628120026958,146.68958857922166
-37.17624356981502,146.68956320198203
-37.17657554297888,146.68920248367127
-37.17652747264374,146.6885717625945
-37.17647739934031,146.68810772662528
-37.17635081667937,146.68774262312465
-37.17625706387748,146.68719211411278
-37.175290162080316,146.6827280165645
-37.1742516115416,146.67876455240415
-37.17324165384202,146.6746964178402
-37.172550947402925,146.67149095467713
-37.172317839057136,146.6683092980719
-37.17231436998241,146.66576146226325
-37.17236741680442,146.66388884418615
-37.17261258924438,146.66240925256378
-37.17275254182361,146.66193708425666
-37.1727921586945,146.66155016418347
-37.17295901513225,146.6609728224805
-37.172994308508265,146.66100449958566
-37.1729988996277,146.66098851983296
-37.173012126738875,146.66097572930988
-37.17299096297142,146.66094119256869
-37.17297500114603,146.6609691604315
-37.173008276187545,146.66100022479046
-37.17298195793304,146.66100809357903
-37.172959358480504,146.66098470861036
-37.17293620995023,146.66100641297388
-37.17294255618995,146.66102166541975
-37.17292642092928,146.6609885597176
-37.17294854856127,146.66101464993608
-37.1729583119776,146.6610411562174
-37.17293025968444,146.66107828878407
-37.17342983466742,146.6612401462992
-37.173825451114816,146.66132892465492
-37.1771475221608,146.6616807812774
-37.18072911142862,146.66053394281127
-37.18460880548206,146.66018672535066
-37.18498545410662,146.66005939560168
-37.18863884952382,146.65870026047702
-37.192101437040186,146.65734002761207
-37.195339223898095,146.65560203327345
-37.19839640399983,146.6546416762054
-37.200722573233236,146.65433819004147
-37.2011911390355,146.65443200027616
-37.201536262378724,146.65457055815014
-37.20183080792642,146.65463780733282
-37.20411437135666,146.65822699986543
-37.20644278114492,146.66122176333508
-37.20911112835766,146.66453787676784
-37.21225834104723,146.66554305521268
-37.21464520318529,146.6662660990725
-37.21620331329689,146.6677494435935
-37.2172066652682,146.66895309600662
-37.21746019399877,146.66944990596198
-37.21797693807481,146.66950853791192
-37.2183552633103,146.66955420849703
-37.21867044533686,146.66936373553958
-37.21905302149649,146.66896451520057
-37.21929360277004,146.668635028124
-37.2194053610725,146.66830471973051
-37.21959039238619,146.66789993104575
-37.21974546474233,146.66749124957656
-37.22001541647349,146.6673268738868
-37.2203477048085,146.66716488014188
-37.22078268947395,146.6669707777988
-37.22122357941189,146.66668982078724
-37.22152275107577,146.66664156911457
-37.221925936728674,146.66644439992365
-37.225019899771354,146.66568053692131
-37.22800537620745,146.66466920895348
-37.22848331146754,146.66465276340412
-37.22882246349216,146.6645780015002
-37.22920532903081,146.66456346186538
-37.229608222317474,146.66473775292027
-37.23005735557471,146.66477486402667
-37.23045802230124,146.6648997297756
-37.23069701098134,146.6653902342159
-37.23196986687594,146.6689118583958
-37.23335426287617,146.67248686703996
-37.234716879216336,146.67647530868035
-37.23500116417489,146.67693936145193
-37.23509269936145,146.67736333990086
-37.23609521187748,146.6813631787788
-37.2365820670883,146.68513181504383
-37.23753547803293,146.6898842557509
-37.237925330913946,146.69358595766002
-37.23850868412525,146.6968109668971
-37.2391760136027,146.69898866326807
-37.23934544550015,146.6994221440003
-37.23949885771306,146.6997655216951
-37.239617005115186,146.70012359815576
-37.23959702710061,146.70015594774918
-37.23987169077351,146.700632663503
-37.24012085974523,146.7011254305487
-37.23973767653707,146.7015086769299
-37.237279081007124,146.70335985571424
-37.236642154767495,146.70714564840966
-37.23665330841475,146.70759965807383
-37.23665119578211,146.70821105176972
-37.236624747489934,146.70872168034344
-37.236334392975905,146.70922891600964
-37.236363157401875,146.7092038297881
-37.23633487059731,146.70923838083124
-37.23629657305326,146.7092706732425
-37.23630399897393,146.7092540465331
-37.23633887483604,146.70926126291337
-37.23630894796654,146.70926490848072
-37.2363285560882,146.7092433159329
-37.23635098597013,146.70923614264794
-37.23638572969411,146.70926200077798
-37.23641832945629,146.70922845099193
-37.23638038283767,146.70926550882717
-37.236346863015946,146.70923332506996
-37.23638016067758,146.70921102616555
-37.236343480222565,146.70922210590825
-37.23636676864742,146.70922435032475
-37.23639306117791,146.70923365848108
-37.2363601275124,146.7092194750281
-37.236335966213346,146.70924779195926
-37.23629433003121,146.7092334443695
-37.235832209058046,146.70907385987223
-37.235399501831495,146.70904705323602
-37.23491611635639,146.70885831089663
-37.23443829056649,146.7086372833713
-37.23446412640844,146.70864467253688
-37.23449339481816,146.70864285159544
-37.23448800242797,146.7086770375129
-37.23451543946952,146.70871193244318
-37.23451033385139,146.70872289893114
-37.23453828803885,146.70873831668658
-37.23450726733579,146.70873245982986
-37.23447911925086,146.70876583832595
-37.23451729889005,146.70873131213827
-37.234475709754996,146.70871928532065
-37.23444299284792,146.70870761717364
-37.234471265727734,146.7087104587112
-37.23450165097042,146.70869308547077
-37.234470227505334,146.70868153594589
-37.23480297432811,146.7083832846027
-37.234838712990985,146.7083972188673
-37.23523753889545,146.70869627328756
-37.23554394325855,146.70904154078332
-37.235898678361984,146.70938574347534
-37.236199043502396,146.70980224522916
-37.2364234284287,146.71015908818003
-37.236667053333754,146.7105770631849
-37.236906554977615,146.71091418198898
-37.237104860978604,146.71143737811602
-37.237358449972525,146.71196526340617
-37.23747371214069,146.71234611148708
-37.23755636018293,146.71298402564767
-37.23753223335164,146.71300953559088
-37.237496418699365,146.71297828184376
-37.23753381384877,146.7129740554079
-37.23749804332334,146.71301308744484
-37.23746634598954,146.71304948441593
-37.23748218325063,146.71303490767775
-37.237476843843666,146.71300632638355
-37.23746348423998,146.71299129467934
-37.23709724166112,146.71311944410263
-37.236716122102834,146.7131346907996
-37.23673782733608,146.7131649114732
-37.23622064453976,146.71301017713267
-37.2358160566156,146.71295900581094
-37.232127400540755,146.71248316606398
-37.231724661446805,146.71254414308245
-37.23124943817103,146.7124975191916
-37.230932431136075,146.71252945704543
-37.23047178995607,146.71244511797104
-37.23005963012616,146.71250040208676
-37.229747983151746,146.71245273947662
-37.22942440510269,146.71246372520704
-37.22911059491267,146.71254754236472
-37.22880262757988,146.712511031283
-37.22842561392072,146.71259920488626
-37.22808335143812,146.7126322420846
-37.22766524584205,146.71252985741762
-37.22733407668035,146.71250844327054
-37.22686242456048,146.71256838164527
-37.22680686398718,146.71292671618988
-37.226637376538925,146.71333134004212
-37.226524564896145,146.71381714956908
-37.226437112027746,146.71425309726465
-37.22628947765337,146.71477095213208
-37.22511502642773,146.71886770455262
-37.22343876168155,146.72326321794117
-37.223693394873024,146.72365633240983
-37.22396028318625,146.72421962794965
-37.22532879736037,146.72736333299923
-37.226532451086655,146.7311119611508
-37.22669443032345,146.73150156571063
-37.22697012495969,146.73178015876937
-37.22727695447177,146.7319656970212
-37.23038294125147,146.73462863332622
-37.23286710520453,146.73739142130228
-37.23613381632922,146.73881797695955
-37.23870381437078,146.7400643362461
-37.24114870117916,146.74135169774146
-37.24316624155289,146.74101450797747
-37.24435951311839,146.74089639102655
-37.245662626351134,146.7406227318401
-37.245892529647826,146.74065663195844
-37.24940931214438,146.74074488364974
-37.25243205176778,146.74020520111486
-37.25629788103,146.7402172977956
-37.25936853534683,146.74049121385016
-37.2618192232837,146.74043867887792
-37.26341134642119,146.7403639136492
-37.264457258104464,146.7414038655892
-37.26544709000943,146.74238314438838
-37.26572183198402,146.74261809168206
-37.268152786827415,146.745297571144
-37.26832450390292,146.74583983270816
-37.26839086663703,146.74631889646426
-37.26859652230221,146.7468497705562
-37.26872813374464,146.74734101253517
-37.26894220998071,146.74772498919884
-37.26924536728096,146.74806177334085
-37.26926337348007,146.74804452017906
-37.26924844331016,146.74805732019132
-37.269286092689,146.74809277394303
-37.26928458635885,146.7480624530697
-37.269256409137014,146.74809127248238
-37.26924473981886,146.74812721557498
-37.26924792154646,146.7481170999025
-37.26921116205598,146.74815149101144
-37.26923887364207,146.7481744197319
-37.26927769691668,146.74817215494912
-37.2693004015072,146.74820252934447
-37.26933967202307,146.74816836785246
-37.26934461338665,146.74817414015592
-37.26924859758121,146.74866255618304
-37.26884115135538,146.75324009682922
-37.268850951034466,146.75785137732802
-37.26870267707809,146.76175839370296
-37.26877501558008,146.7659375856562
-37.269000535909484,146.76900914637923
-37.26901554875905,146.77125979245693
-37.26918050096773,146.77274528958296
-37.269543045673096,146.77455141091133
-37.2696429004535,146.77492828888577
-37.27114971263997,146.7792264232376
-37.272159372827026,146.78344446997855
-37.272849651666704,146.78739999549794
-37.27372308199636,146.7906843228431
-37.27419568386282,146.79342610860616
-37.274774730832455,146.79580892613745
-37.2751623508787,146.7972897975503
-37.275811574773805,146.7989772117117
-37.27588104297898,146.79930249870193
-37.27715681284555,146.80248474844396
-37.27847339876541,146.80651869783722
-37.279821544043635,146.80995506313843
-37.27991381309859,146.81033023643462
-37.28011609070583,146.8107812097246
-37.28020158217223,146.81116797856586
-37.2804130743621,146.81167409008063
-37.28055620064058,146.8122959241872
-37.28056100299672,146.8127011486553
-37.28050168869281,146.81312921685216
-37.28042714535178,146.81361190636795
-37.280318838031626,146.81404497966892
-37.28023378794299,146.81456275935608
-37.28027085526215,146.81455805346062
-37.28031039676545,146.81455873774294
-37.280284963944766,146.81458073808562
-37.28003177435184,146.8149222107053
-37.27981808752828,146.81522766128117
-37.279644378056865,146.8156502306019
-37.2794631346176,146.81609698727462
-37.28046702133749,146.81959188291285
-37.28095936358974,146.8236404644376
-37.281789005612985,146.82845718181417
-37.282982951125774,146.8317667208021
-37.28411107531219,146.83443502821243
-37.2849908825659,146.8362689404897
-37.28522280565997,146.8378504922061
-37.28544725386115,146.83933007034588
-37.285480922138476,146.83958947260462
-37.286113905401024,146.84334109429253
-37.28711686463815,146.8478775995786
-37.286779925215946,146.8517069163493
-37.28648134864745,146.85507859398447
-37.28614303477739,146.85841289193115
-37.2855814511445,146.86058512820594
-37.28524000995597,146.8620029631146
-37.28518367103391,146.8625911431733
-37.285049695286844,146.86306912575284
-37.28491766473114,146.86345550829304
-37.28462697807375,146.86380083810914
-37.28422411287829,146.86421405417627
-37.28433117902871,146.86463467617895
-37.28442754052931,146.8651997265019
-37.28448908281987,146.8656374839078
-37.28472965355556,146.8662018379389
-37.28477996521953,146.8667792903838
-37.2848096899331,146.86730561594834
-37.28476722183479,146.86776004040775
-37.28464620748266,146.86825101491553
-37.2836381767714,146.8718848592119
-37.2829295123276,146.8755606698954
-37.28183951491109,146.87933705711885
-37.2805634448302,146.88309785959765
-37.27925986082351,146.88610002479004
-37.27903973915193,146.8866905620012
-37.27895216904456,146.88713717953894
-37.278938247406685,146.88711698429546
-37.27893123682404,146.88714212280613
-37.27859700105232,146.887279691696
-37.27814381609251,146.88731090854546
-37.2777750476817,146.88730931694835
-37.27732760125643,146.88731349206904
-37.27698271147036,146.88721431279322
-37.27404145973672,146.8862531474668
-37.270188482148036,146.88563694077476
-37.2667686559528,146.88480105736164
-37.26667508422135,146.88437967229578
-37.26667114897382,146.88389467095814
-37.266696806127115,146.8833236142684
-37.26682679991684,146.8827607913348
-37.26694755233122,146.88220327878537
-37.26708844684169,146.8815869747312
-37.26709179607309,146.88100659630712
-37.267216966065284,146.88058566932216
-37.26726641397642,146.8800901986297
-37.26734147243508,146.8795963389563
-37.26733800478559,146.8791912657577
-37.26738286544114,146.8787829082606
-37.268396538642165,146.87417666212204
-37.269636786256356,146.87009391005722
-37.270339069563356,146.86603350856572
-37.26860166792889,146.86383903056992
-37.266796114971044,146.86135425897916
-37.2656132975301,146.86004695187506
-37.264698274506955,146.85891443101931
-37.26380959733834,146.8577883170094
-37.26356712643409,146.85761587192738
-37.26142538734351,146.8547644459394
-37.25850708962275,146.85340569963452
-37.25552868902751,146.85451882521892
-37.255034467525356,146.85456874640693
-37.254848797546984,146.85500870405278
-37.25463594844067,146.85539300816131
-37.2543129185629,146.85567169528454
-37.254381640276726,146.8593914642037
-37.25461934212369,146.86328448207925
-37.25466471239104,146.86712644721536
-37.254273075102134,146.87114454399446
-37.255127516278286,146.8741112862808
-37.25577595214528,146.87613348747269
-37.255540006038075,146.8778831302955
-37.255408573949296,146.87972812850882
-37.25537440297065,146.8800488109095
-37.25470283455448,146.8845483438851
-37.25431690277204,146.88934265785767
-37.25352874970284,146.89300195335747
-37.2507368014553,146.89396430574632
-37.2486715258914,146.89457865247627
-37.24699271561228,146.89500510978095
-37.24558284685086,146.89553851475634
-37.244190938524135,146.89606930019596
-37.24389094368237,146.89607694272203
-37.240479910666224,146.89552865120905
-37.23666301342324,146.89439157292057
-37.233681329796596,146.89344855512408
-37.23118906278384,146.89301120030456
-37.230787569540134,146.8929774483555
-37.23029469082959,146.89298228237152
-37.2302655767895,146.89297588118697
-37.230268162888095,146.89300706117925
-37.23028851421931,146.89302681786828
-37.23032089542962,146.8929869572025
-37.23011866614916,146.89249312014894
-37.22983794555829,146.89215299454472
-37.22952572896979,146.89165406228702
-37.227524994820776,146.88901485873467
-37.225317478581964,146.88578001986136
-37.2231759814174,146.8825098737134
-37.2229252830065,146.88202422953916
-37.22148383491789,146.87758079588312
-37.221169707135374,146.87733150899498
-37.22114235233461,146.8773065395581
-37.22111836231302,146.87733117487585
-37.22110259845214,146.87730225234787
-37.221126204452645,146.87730850723509
-37.22089037703212,146.87697473890287
-37.22062442891187,146.87667036906504
-37.22048797906538,146.8762587208372
-37.22047840866178,146.87622282190026
-37.220488541061115,146.87623674877014
-37.220488289661866,146.87627289187745
-37.220501885520655,146.87630287580458
-37.22051024938215,146.87631330325743
-37.22071617133457,146.87585101998812
-37.220933637852156,146.8754841203586
-37.22090390425167,146.8754979804796
-37.22088266963967,146.8755228836342
-37.22084643506911,146.8755299171917
-37.22083285992535,146.87549546231472
-37.220794972098595,146.87551601929502
-37.22076985164137,146.8755131149567
-37.22121781424836,146.87524155262201
-37.22171344455054,146.87502777703997
-37.221693190802895,146.87499831329922
-37.221902040601535,146.87463998459603
-37.2222944160357,146.87450940634253
-37.222674341392185,146.87458341008974
-37.22309678090544,146.87471461875268
-37.223393419608264,146.87490765845047
-37.22367146364325,146.87499496722108
-37.22394091092846,146.87503020453428
-37.22440651492209,146.87502609694926
-37.22488323592468,146.87515845788195
-37.22853415588202,146.87536779233795
-37.228951061867434,146.8753605123397
-37.23281636813042,146.87585720822906
-37.23603730554711,146.87587880065126
-37.23651168423576,146.87568548465347
-37.2365379756194,146.87564848440368
-37.23684053274079,146.87527014947847
-37.23700335897863,146.87495385817456
-37.237162251641585,146.87433647663704
-37.237369959682326,146.87394595415822
-37.237601057223,146.87357926724033
-37.237940566473306,146.8732893100411
-37.23792418060215,146.87327541751176
-37.237918080076454,146.87327387507636
-37.23788338615694,146.87325472672018
-37.23789877002038,146.8732619841209
-37.23791134771919,146.8732231420775
-37.23790401175324,146.87323991183436
-37.23789414449436,146.87320019330838
-37.23792488621542,146.8731950625523
-37.2379375528588,146.87322338209782
-37.237929802342975,146.8732123826183
-37.23789139874977,146.87323333655866
-37.237909832668414,146.87319591459803
-37.23788270678733,146.87315663780225
-37.23785933611532,146.87315269702347
-37.23788569862848,146.8731292010965
-37.237886438926914,146.8731511426588
-37.23831768787647,146.87306502603454
-37.23875181793365,146.87312963311336
-37.23922905935561,146.87293856045093
-37.239629132657875,146.87290715336846
-37.23994566172895,146.87294501408635
-37.23991416613286,146.87295966018453
-37.240296389069016,146.87308555011407
-37.24079001156235,146.87311181299813
-37.24127280508969,146.87303792994243
-37.24170644835631,146.87281704276617
-37.2419919336364,146.87253676841402
-37.241965064644596,146.8725344168496
-37.241928328875694,146.87256442303362
-37.24182603834779,146.8720470603065
-37.24180842507635,146.871672671497
-37.241749172905024,146.87127120186793
-37.24200561519393,146.87083549929633
-37.242193415998415,146.8704057206703
-37.24236875729411,146.87002678353764
-37.244123390006905,146.8660110373577
-37.2459582062754,146.862973788645
-37.248145019798805,146.85935175189596
-37.24991571969808,146.85706455963708
-37.25258923496688,146.8569049150642
-37.25443513298708,146.85649876494622
-37.25587432127605,146.85598582693402
-37.25705751538107,146.8556787588683
-37.25728004146656,146.85561231712302
-37.26013820234642,146.85630100865325
-37.26388786617219,146.85693482383283
-37.267156024773016,146.85774158563157
-37.26973341799256,146.8584724268437
-37.271749464654064,146.85909497074726
-37.273810868340654,146.85953044989225
-37.27428470574772,146.85953904175364
-37.2743267592188,146.85950051560633
-37.27467111676989,146.8593493245022
-37.27469850857105,146.85937938434546
-37.27472921884021,146.85936233604716
-37.275085630640866,146.85948889816322
-37.275399660678424,146.85965033906655
-37.27852182928598,146.86088727331517
-37.281491631894596,146.861421175324
-37.2819580312659,146.86154529843682
-37.28236003317436,146.86154702363078
-37.28275032760001,146.86148052531593
-37.28318791037082,146.86137701203376
-37.2836222406007,146.8614047752805
-37.28405822109086,146.86127450214
-37.284414298578525,146.8612125480064
-37.28488569032108,146.86119909506039
-37.285262493328,146.86105604427183
-37.28843918013153,146.8595168282122
-37.28876449092953,146.85948523572088
-37.2891501573616,146.85935186568864
-37.2894924239756,146.85936064712476
-37.28976434862207,146.85921178659498
-37.29005971198483,146.85901876677136
-37.29040612074813,146.85870484871853
-37.29078931448752,146.85851267871064
-37.29117165409139,146.85808711401944
-37.29139429323176,146.85773944961701
-37.29163327275206,146.85748716685666
-37.29189852174157,146.85704611203028
-37.292239476159345,146.85667149039216
-37.292475542699094,146.85634205544162
-37.292698908272264,146.85592808744977
-37.29297071359574,146.85560213512744
-37.29316685359576,146.85527681706878
-37.29355775578377,146.85490304823935
-37.29371733642905,146.8545640000537
-37.29399159081237,146.85417303384398
-37.294419256906004,146.85376542434383
-37.296886119484334,146.8518361310153
-37.29919572965868,146.84940485526326
-37.301084212202106,146.84662059632356
-37.30254040726706,146.84380207946512
-37.302636093224145,146.84327545954153
-37.302641869648504,146.84269464589633
-37.3026371512992,146.8421243402332
-37.30261190449144,146.841708194051
-37.30258824469526,146.84119552328738
-37.30240961811566,146.84059176361222
-37.30233128952792,146.84012222270437
-37.302205503404714,146.83961699777873
-37.302061945623244,146.83908509353265
-37.30185634023243,146.83861445803188
-37.30170869933577,146.83814836193685
-37.30154488392991,146.83773220234434
-37.300437977953365,146.83391172122137
-37.30189239840583,146.82974378224512
-37.303078434899774,146.82601284938198
-37.30421541346255,146.82220913325386
-37.30444522631685,146.8216534048353
-37.30442992892785,146.82164179263262
-37.304516862080426,146.82100529853946
-37.30451993268382,146.8205770057984
-37.30442386019657,146.82019006983901
-37.30443757344877,146.81959421136386
-37.30442238491974,146.8191006085011
-37.304238915298306,146.81854850499127
-37.304216125695724,146.8180027870513
-37.30411633549475,146.81769141832558
-37.30407322752454,146.81710426272636
-37.30404136461065,146.8170966030695
-37.30406740879068,146.81706364435783
-37.30404023710581,146.81708202815932
-37.30405422123668,146.8170927948946
-37.30380822333675,146.816671203344
-37.30359841776863,146.8161582664597
-37.303564779183894,146.81568239259278
-37.30350674092918,146.815097994722
-37.30337194002914,146.81473103268462
-37.30319746109749,146.814150800422
-37.30318017899731,146.81414144206846
-37.30317773017687,146.81414251753205
-37.30318802710282,146.81412667763675
-37.30315134319534,146.8141625889769
-37.303189695637066,146.81419733667798
-37.303218179026,146.81416065762062
-37.30323276745238,146.81414965938447
-37.30324852906383,146.81414162240415
-37.30321259148261,146.8141774309643
-37.30324573900955,146.81414976202154
-37.30326989040452,146.8141486874636
-37.303267044421794,146.81414568424822
-37.30327912174198,146.81410931076203
-37.30328792122383,146.8141018687171
-37.30332118728612,146.8140854083484
-37.303360330610175,146.81408415301422
-37.30335566834241,146.81408047380367
-37.30377068620963,146.8137167394169
-37.303971380091056,146.81344739231
-37.30408980746804,146.81305881181285
-37.30426338076956,146.81270388706704
-37.304264713868264,146.8126927045397
-37.30427358975332,146.8127080555472
-37.30428219212767,146.8126830649399
-37.30429876237157,146.81267266617343
-37.30426215772767,146.81265316356638
-37.304286147175034,146.81262287740964
-37.304288271687376,146.81258710497866
-37.304259276100716,146.81262523352413
-37.304234023728135,146.81262348689293
-37.3042217446921,146.81263771105165
-37.30425660898428,146.8126693711249
-37.30424372633192,146.81309454174638
-37.30422648309721,146.8134923108243
-37.30422094614696,146.81385304789072
-37.304149016402164,146.81441509148075
-37.30414705907682,146.81497319036436
-37.3020518546104,146.8179990968019
-37.30190931337929,146.81836741196108
-37.301615189044135,146.81876693922698
-37.30142532474902,146.81914833393685
-37.301099715731404,146.81966013246318
-37.30085496347988,146.81995650866827
-37.298758121712886,146.8231361756288
-37.2966829235641,146.82690442537944
-37.29449978197194,146.83096819588022
-37.29251574803632,146.8341287140288
-37.290839592539704,146.83641380213106
-37.29049146500917,146.83679856214835
-37.29016327798991,146.83708299741016
-37.28995089108139,146.83733818244514
-37.289729046438325,146.83773038362162
-37.28941726812411,146.838219398051
-37.28952926391317,146.838586966679
-37.289543590121795,146.83920548558788
-37.28950066602131,146.8396423976437
-37.289298271551566,146.8401618890289
-37.28905373158049,146.84062832912977
-37.28878870654937,146.84100585522364
-37.28607622211629,146.84404033327164
-37.28340508552011,146.84664817771454
-37.28036961484542,146.84912325774624
-37.27761155717958,146.85091884641858
-37.2757683883886,146.85221861402627
-37.27409294700451,146.85311105095096
-37.272883534930116,146.85364843686182
-37.27163432003014,146.85397689412335
-37.27139808151913,146.8540856516682
-37.2687221567417,146.85540653049742
-37.26596452247701,146.85293508344392
-37.26270389215373,146.85036091357912
-37.26070736110605,146.8486785953616
-37.25886958602623,146.8469364659741
-37.25857078977188,146.84674004707074
-37.25833102144333,146.8464856289614
-37.25806677735943,146.84620123530428
-37.25783565691036,146.8458305257102
-37.25602627080978,146.84267026119687
-37.25385096396034,146.838706644239
-37.252408209730525,146.83560211359526
-37.25097470149723,146.83228100697852
-37.24960544348564,146.82965785327647
-37.24858913256344,146.82778550270868
-37.24777868641922,146.82664439036824
-37.24666979018934,146.82524650479957
-37.24650844416906,146.82498856413716
-37.24634460566034,146.82460342153365
-37.24622842392024,146.8242102474031
-37.246470941890934,146.82382092529414
-37.24680288048894,146.82358903670539
-37.25010364536053,146.8218016391562
-37.25275999803478,146.81982157946663
-37.255588889788356,146.81799727156496
-37.25799868709653,146.8163964274124
-37.26040671991135,146.81523788037632
-37.2607452614888,146.81519457275385
-37.26073832243698,146.81521660288215
-37.26076559440811,146.8152133247739
-37.26079752925688,146.81518902090377
-37.26078965918807,146.81518626090988
-37.260827852727786,146.81517990685188
-37.26084041416587,146.81516105607207
-37.26085025657461,146.81519964728597
-37.26131216002452,146.81540523912344
-37.261655534268044,146.8155392448841
-37.26191714657467,146.81558813472208
-37.26229358133127,146.81575536590032
-37.262634697812615,146.81595690563296
-37.26304233111532,146.81621208955903
-37.26631212492111,146.8182654181932
-37.26972148302371,146.82028459683386
-37.273167367292295,146.81942879311995
-37.276330609666616,146.81920169340563
-37.27879811678579,146.81922220320888
-37.27921589648744,146.819190855335
-37.279517068624486,146.8192717823887
-37.27992759488544,146.81916867806675
-37.28037065154602,146.81908267760056
-37.280649873430185,146.81892185113531
-37.280964887967535,146.81878800349378
-37.28131509181742,146.81875916156895
-37.28443723979272,146.81801376991191
-37.28812052784707,146.81705864982675
-37.288592104299134,146.81705063106517
-37.2889362461355,146.81698522256994
-37.2893312380366,146.81687965608558
-37.289638778687916,146.81669752890022
-37.29003817291723,146.81645290548929
-37.29339817818298,146.81461191701615
-37.29633894283486,146.81283477913158
-37.29658815931811,146.81256989532713
-37.29676401346533,146.81220763469904
-37.296900641406495,146.81181611494665
-37.297100127882324,146.8112383219512
-37.297124070526394,146.81125092220617
-37.29713816472135,146.8112596190642
-37.29711333736547,146.81128916919616
-37.297145418712525,146.8107099480305
-37.29726520635838,146.8103300493645
-37.29748577548142,146.80978912668039
-37.29769055292835,146.80941063624437
-37.29768727786355,146.80939604220507
-37.2977214514452,146.80939294535455
-37.29768526492392,146.80942807703877
-37.29769982083162,146.80944672213522
-37.29770847753141,146.80941225145526
-37.297723462405514,146.80938141329028
-37.297705224920236,146.80937637725734
-37.297737418164786,146.80938946584962
-37.29770677652813,146.809407573191
-37.297712222417374,146.8094149791368
-37.29771480677253,146.8093874153309
-37.29768336996287,146.8094270800476
-37.29765061603061,146.80940032051308
-37.29766057565876,146.80940124321643
-37.29761986024799,146.8094314880373
-37.297605839916436,146.8094608484549
-37.29720639896744,146.80932933526736
-37.2969090233103,146.80912922999775
-37.2965644227304,146.80881575976323
-37.296219661999444,146.80846664468152
-37.29603831239616,146.80815417503047
-37.295825075030564,146.80779418580613
-37.29560812248485,146.80724590808936
-37.29562111883138,146.8072140915645
-37.295430906042114,146.8066900754814
-37.295102056396736,146.80629228474064
-37.29481082480164,146.80585214642167
-37.29462703698926,146.80543592280327
-37.294362306826,146.8050779085323
-37.293978738704354,146.80495035354144
-37.29358586580308,146.80477582594554
-37.29045803615054,146.80310595679657
-37.28745581826077,146.80300688564884
-37.2839529988182,146.8028823216421
-37.28352077393053,146.80305769368977
-37.28306840837735,146.80332948630843
-37.28266950475024,146.80353561648238
-37.28232230003409,146.80367084795432
-37.28195699449431,146.80381480672372
-37.281517232932906,146.80406241893755
-37.28116469558729,146.8044130477851
-37.28119717578151,146.8043829340831
-37.28119769163716,146.80437660359632
-37.28121350550861,146.8043944026556
-37.28118591175593,146.80440893003833
-37.28121214861969,146.80443361448803
-37.281209347165635,146.80444112357415
-37.281229957395986,146.80441654468447
-37.2812349465557,146.8043814506347
-37.281238876206274,146.8043829010691
-37.281270720936604,146.80437281026698
-37.28130512503093,146.8043692725013
-37.28130432766048,146.80433219306167
-37.28130778344784,146.80435765625546
-37.28120530407297,146.8037558050707
-37.281178658374536,146.8032370440032
-37.281112714556976,146.80267785210756
-37.28108390057217,146.80268713928447
-37.281075086689604,146.8027224486094
-37.28105177809706,146.80271201449554
-37.281027019959474,146.80268425303734
-37.28105050121784,146.80270011965953
-37.28104183530076,146.80272913821605
-37.2810407385742,146.80274656545674
-37.28107634519335,146.80278199469768
-37.281059933724165,146.80275663105772
-37.28108107039095,146.80275670523426
-37.28104996001891,146.80277800991342
-37.28101331011993,146.80278306248982
-37.28080027919513,146.80243584415132
-37.28076685015086,146.80239708059793
-37.28076362223262,146.80241559709484
-37.28073526907917,146.80237345097262
-37.280746183390754,146.80239707224888
-37.280430261706364,146.8021319306907
-37.279996753476766,146.80223341050024
-37.279595386619135,146.8023764052733
-37.27916685919024,146.8024766324024
-37.27866865332902,146.8024801060544
-37.27835498007061,146.8025082015127
-37.27797499614257,146.8025130045007
-37.27766106015616,146.80241469843534
-37.27729064744787,146.80236804898342
-37.276931366388204,146.8023383182058
-37.276556561011226,146.80217318372723
-37.276161063458034,146.80207602683365
-37.27576811879839,146.80215677979237
-37.27538004432318,146.80228868805256
-37.27489650262676,146.80240238875209
-37.27439345667401,146.802474280238
-37.27435577453875,146.80248063604864
-37.27435241660215,146.80250842081065
-37.27433824761459,146.80251985598056
-37.27431711117867,146.80249467781692
-37.27432092371343,146.80248274454675
-37.27408592383522,146.8022530269555
-37.273735838412215,146.802036502452
-37.27343296830121,146.8017502952067
-37.27301641073171,146.801380835129
-37.27268672289892,146.80115329848593
-37.27220974499045,146.8011746487099
-37.27220647815469,146.80118906683785
-37.27217134009655,146.8011506897738
-37.272172664222296,146.80111774636006
-37.27214255487731,146.80113290584237
-37.27216606239314,146.80112881502646
-37.27220280522986,146.8011359494754
-37.272231119929295,146.80114265601583
-37.27223960803385,146.8011480974812
-37.2722346626908,146.80117771064988
-37.272203284697916,146.8011756257368
-37.27223648753748,146.8012160762733
-37.272249962183196,146.80121249396205
-37.27221865194586,146.80118244716303
-37.272246899243946,146.80116350661646
-37.272284881804936,146.80115628874876
-37.27226492604549,146.80117518429634
-37.272295484149545,146.80116741865135
-37.2721734370138,146.80163490225246
-37.27195742783834,146.80206016916094
-37.27167433698693,146.8024541923462
-37.27150297576819,146.8027853808548
-37.2712894728134,146.80318992504175
-37.26899569614966,146.80663813835196
-37.26575271539111,146.80725242705194
-37.26189130529027,146.80773630180474
-37.259361798367514,146.80826863583096
-37.25741922402166,146.8089229588436
-37.25578427835896,146.80956539193994
-37.25452710508339,146.8100264250236
-37.25417693996625,146.81024815871393
-37.25419765067338,146.81024497735967
-37.25419930282858,146.8102472542467
-37.25421038555034,146.8102497110177
-37.254171152900874,146.81026986190722
-37.25418944093809,146.81027643552213
-37.25416565370728,146.81026793238271
-37.254141365070716,146.8102948771544
-37.25413270528883,146.81027817912036
-37.25413642497985,146.81027475976754
-37.25413238626547,146.81024037644974
-37.25410383766706,146.81024582359856
-37.25410789644841,146.81023463768813
-37.25409154231096,146.8102486296712
-37.25410453799721,146.8102478366876
-37.25406677829806,146.81026967693452
-37.25410438793994,146.81029927983738
-37.253799262411206,146.8103632472867
-37.25351356453522,146.81011948462697
-37.25309829715226,146.80996945686906
-37.252697479015595,146.80978126082624
-37.25272514632981,146.8097516639867
-37.25269460659745,146.80972936048695
-37.252708517957515,146.80973873571338
-37.252685481873776,146.80970137709707
-37.25268995993838,146.8096698134687
-37.252715219109255,146.80969729483056
-37.25232429653169,146.80974812089045
-37.24907222300272,146.81024609571352
-37.24532311459551,146.81053708115118
-37.242217176766054,146.8103428457469
-37.23969727634697,146.8097163063687
-37.23737628346839,146.80882610571265
-37.23528292051596,146.80813638089168
-37.23388844424249,146.80766292776337
-37.23264939732054,146.8074263388561
-37.232379134615556,146.8073362294746
-37.22917830596185,146.80709947339255
-37.226358101767595,146.80653797381794
-37.22350867031785,146.80547374145115
-37.22083866166442,146.80456833707177
-37.218531964330936,146.80366006913573
-37.21650271266327,146.80314998738123
-37.21498182141227,146.8027960659571
-37.21382345570058,146.80254379369612
-37.213532717537355,146.80244674154704
-37.21313329912793,146.80226541099438
-37.212684373271266,146.80196110992708
-37.212662283297085,146.80198179002176
-37.212690282027474,146.80194877433917
-37.2126915946672,146.80194404644686
-37.21291820271002,146.80134417931663
-37.213079880936164,146.80078493054037
-37.213277431637465,146.8003427085018
-37.213520104442445,146.79996553344586
-37.21349767925706,146.79997604772515
-37.21344738146332,146.79942059615996
-37.213487724226304,146.79888574548323
-37.21367463558084,146.79832772374422
-37.213798691564726,146.7977297706834
-37.21397812890139,146.79729656441387
-37.21423288074173,146.79691234354132
-37.21453688222208,146.7967978096335
-37.2178130276512,146.7953360708108
-37.22080096424398,146.79352152207045
-37.224346304454976,146.79154319339972
-37.227281999416704,146.7897181508284
-37.22948547582444,146.78817242876517
-37.23092022911549,146.78717378373182
-37.23196313222671,146.78654926120652
-37.232348936932006,146.78635792055644
-37.23524327626465,146.78546359273787
-37.238364363264324,146.78450361860115
-37.241884213774384,146.78281251979715
-37.24470253570445,146.78112167391504
-37.24506287506753,146.78079642900397
-37.24540217403454,146.780453912518
-37.2456347388722,146.78017326557483
-37.24597099460188,146.77993373607595
-37.246294675401174,146.77966420585022
-37.24671882769527,146.77955169704353
-37.247100724921445,146.77936445941663
-37.24746276071358,146.7791128206705
-37.24776032482607,146.77891147955467
-37.2480026546784,146.77867196665628
-37.24829684763603,146.77835919979447
-37.24861339681939,146.77800570989817
-37.24891339307429,146.77772324407914
-37.24916564612027,146.7774263798219
-37.249632119037315,146.7774587832167
-37.25003884968817,146.77748577920931
-37.25042734850637,146.77767064384122
-37.25088899835431,146.77782398450665
-37.2512532476559,146.77794005148644
-37.25166278421306,146.7781896666158
-37.25197020423987,146.77849519866982
-37.25230266736738,146.77875824350767
-37.25278698654556,146.77892270988792
-37.25318065787936,146.77922871184373
-37.25359834588479,146.77957573303078
-37.25384430988078,146.77990068970874
-37.2541162573814,146.78015863981568
-37.25434459000165,146.78041545359775
-37.25481997821607,146.78071609058432
-37.25528223411861,146.781003622675
-37.25567601521795,146.78145809644093
-37.25594974997398,146.781694002285
-37.256244724329726,146.7820658608793
-37.25622687360746,146.78206391984963
-37.256240847491384,146.78208170632385
-37.256235065958165,146.78207366687292
-37.25621638506725,146.78207413200883
-37.25623659230692,146.78209159630313
-37.25623612599534,146.78208543742306
-37.25626468418602,146.78205877434462
-37.25626118586041,146.7820311194467
-37.256249296389605,146.78202359852892
-37.25665099972675,146.7820302909242
-37.25717277624049,146.7819277677497
-37.257448410722354,146.78177261896803
-37.257801299410055,146.78140396974462
-37.2580070924304,146.78100112222637
-37.25838653275352,146.78066504931795
-37.258359954807545,146.7806506412472
-37.2586011543236,146.7803938355647
-37.25896060598689,146.77990366482996
-37.259400026791795,146.7795842951846
-37.25970484587173,146.77948584180064
-37.259670745322275,146.77950804132092
-37.25968161196711,146.77953972894196
-37.259711480073754,146.77953211170743
-37.259707565274255,146.77954125348745
-37.25967966830008,146.77954790181528
-37.259671310870615,146.77951950172815
-37.25967816303735,146.77949627757417
-37.259685640987186,146.77950033357303
-37.259668993797355,146.77952695280652
-37.259658489954994,146.77950146508707
-37.2600790145422,146.77954506898809
-37.26041661942996,146.779591723534
-37.260795374503296,146.77943440774845
-37.26128686269159,146.7793803762361
-37.261630527481316,146.77923710291847
-37.26206943459415,146.77917679314163
-37.26584828887043,146.77815038021788
-37.26959293710997,146.77745976095704
-37.27240709650243,146.7764321552948
-37.27518699828341,146.7750392071111
-37.27764386864917,146.77411559300324
-37.27918009803262,146.77372423650692
-37.280340557406916,146.77324957753834
-37.28144277158195,146.77297678883838
-37.28168444060086,146.77288132205177
-37.28525853860167,146.77147573141
-37.28883019572655,146.77009037505917
-37.29191653370236,146.76890677258785
-37.2950982998012,146.76777759351563
-37.297048685997886,146.76703531734705
-37.29853070915513,146.76641524655278
-37.29953171766553,146.76573209769015
-37.300763704462156,146.76479824443888
-37.300995094393464,146.76452314204113
-37.303449952903115,146.76133777691615
-37.303573677038884,146.76099253824296
-37.30377792086568,146.76053674101033
-37.30392549109003,146.7599995260661
-37.30407503601248,146.7594977450024
-37.30415876635897,146.7590802396449
-37.304146095544006,146.75852297360134
-37.30409296716533,146.7579295112888
-37.30406326024639,146.75794649994458
-37.303971298253806,146.7575702255335
-37.30373930486818,146.75716677204238
-37.30354112465128,146.75668356363508
-37.303485494030056,146.75620617290934
-37.30344931231248,146.75580284900977
-37.30337542775421,146.7552649383193
-37.30333349563523,146.75478519644818
-37.30318276324599,146.75445077963101
-37.30315555590009,146.75402261286436
-37.302463944348595,146.74943535081198
-37.30266379712733,146.7453989060984
-37.303127148258795,146.74070766090946
-37.30383684722041,146.73703066587646
-37.304066523078966,146.73380686300348
-37.30420760776789,146.73172626284074
-37.30430257896179,146.7299833871197
-37.304301371222,146.72809736638777
-37.30427004435543,146.72772892935765
-37.303445809853486,146.72294699233026
-37.30223203638908,146.71841148930105
-37.298780600009295,146.7176516034926
-37.295540584998015,146.71727294858732
-37.292944506791756,146.717295447457
-37.29258904246118,146.7174259710352
-37.292182106561185,146.71753753824083
-37.29177721890974,146.7176614415879
-37.29140552704758,146.71795640605126
-37.29095968133784,146.71827117566744
-37.288321170552756,146.72058081371222
-37.2851417433941,146.72349346760527
-37.282219336189186,146.72563699723537
-37.28204586727525,146.72529856577287
-37.281868098143015,146.72495258431215
-37.281737280898554,146.72439257072367
-37.28159515042668,146.7240128418891
-37.281416141671244,146.7236720671339
-37.28122760702008,146.72329561885834
-37.28103124202447,146.72286095561918
-37.28096457713257,146.72238713068856
-37.28093993137681,146.72192456991633
-37.280945153545716,146.72188388538078
-37.28090394884221,146.72184843061783
-37.28088750377468,146.72186538591373
-37.28054256061653,146.72192693071398
-37.28023928968985,146.72186191035715
-37.279945876679875,146.7215445496837
-37.27965062686024,146.72113254673323
-37.27923536408047,146.7208110032051
-37.27893239687418,146.72060362962648
-37.2789056047669,146.72060832445146
-37.27892332493558,146.72062139284822
-37.27892556181906,146.720609805013
-37.27888529957915,146.72060679291315
-37.278877190392805,146.72061085868756
-37.278543348368366,146.7206079947794
-37.278152837168825,146.72068869250654
-37.27779392104963,146.72085462939958
-37.27778295634066,146.7208691044379
-37.277745461108225,146.72083356907638
-37.27776482882375,146.72080128822924
-37.27802845668221,146.72129001207088
-37.27817431684581,146.7217273934065
-37.278267825645976,146.72213098850867
-37.27842962039941,146.72264120638332
-37.278378316378024,146.7230595699451
-37.27827055136955,146.72346188664866
-37.278133673805094,146.72392452447104
-37.27795716013921,146.72448663801748
-37.27775888191784,146.72488355434376
-37.277437459462035,146.72527799146928
-37.27713751789386,146.7255398577436
-37.27689039879224,146.72588474364562
-37.27658223032024,146.72626190917214
-37.27618391761914,146.72665307282895
-37.27596591253371,146.7270698129917
-37.27580029072438,146.72766242910248
-37.27578351915519,146.72765886367702
-37.27579103025496,146.72762913565617
-37.27581481979585,146.7276589260348
-37.27579841946035,146.7276764628233
-37.275827531208755,146.72767651385092
-37.27537392869296,146.72788008678145
-37.27503332868507,146.7280993502149
-37.27481243834423,146.72833931721024
-37.274466985943306,146.72872220740433
-37.27417367724782,146.72886084505527
-37.27389727964695,146.7291590249449
-37.27396631468521,146.72978267550897
-37.27406993865685,146.7301857592351
-37.27417826184821,146.73053162130273
-37.27439546232593,146.73091257538212
-37.27452060662359,146.7313168169316
-37.274783708302735,146.73163748081615
-37.276797765013185,146.73559265720004
-37.27887463978659,146.73933019509212
-37.28071155038811,146.74258316089438
-37.28323676455791,146.74279131911433
-37.28569243323808,146.74263020521647
-37.28769551056267,146.74274825351648
-37.28921523904165,146.74296946698732
-37.29065463506218,146.74335705332857
-37.290917651157365,146.74347652699768
-37.29136043931711,146.74351906809807
-37.29183235408389,146.7435412079869
-37.29220792394739,146.74370881191297
-37.29265356406681,146.74388924476546
-37.29309415400558,146.74399920904833
-37.293588304111665,146.74426108584552
-37.293935283791875,146.74449641873608
-37.29397475178975,146.74453178866568
-37.29393365206103,146.74504074262904
-37.29392027840112,146.7456222971159
-37.294040508564386,146.74615391690975
-37.29409061802226,146.74663595785128
-37.294039286104265,146.74724775373747
-37.2939017127228,146.74771245963655
-37.293903390065495,146.7477446366238
-37.293691779475296,146.7482269583545
-37.29348806312352,146.74874888632704
-37.293487926860394,146.74877948989135
-37.29349296830368,146.74933168801317
-37.29354774301283,146.74991878945545
-37.29358232103018,146.7503853946844
-37.29354716622402,146.7509488164544
-37.29356849173897,146.7515102208047
-37.29317843409182,146.75166521785465
-37.29280206939677,146.7518595711162
-37.29250707536343,146.7518788931651
-37.292221205484914,146.7518847600095
-37.29218529193341,146.75192360092066
-37.292212908209585,146.7518973007891
-37.29217566375325,146.7519316165802
-37.292175189663325,146.75189422119368
-37.29220960512782,146.75193434872423
-37.291914399769546,146.75201185201652
-37.291433968439335,146.75219693773622
-37.291025234608796,146.7524439896733
-37.290617280800824,146.75282191063562
-37.29037837598307,146.75308877873638
-37.29010482080672,146.75344603138865
-37.289887198032154,146.75386681879212
-37.28974612506933,146.75428955157255
-37.289506155776905,146.75472642729716
-37.28952515669803,146.75476362990395
-37.289550395949874,146.75472921885975
-37.28956317796849,146.75469244950696
-37.28958988386439,146.75468845921503
-37.28962567498689,146.75471757595147
-37.28959341503079,146.754723345987
-37.28962014273116,146.7547499135637
-37.28965495899618,146.75472299912929
-37.28941921879902,146.75516224346293
-37.287842614804525,146.75894430887206
-37.286473689766794,146.76261477902838
-37.2864263556003,146.76307172334842
-37.28626851601576,146.76357507973867
-37.285971687984805,146.763865244627
-37.28555712643145,146.76423028950416
-37.28516296833794,146.76456211130613
-37.281779713973755,146.76657286371457
-37.279041914101796,146.76766217233126
-37.2762699355572,146.76892548723583
-37.273720972654885,146.7701195517901
-37.27115563159445,146.7708392671857
-37.26952073981441,146.76946441509904
-37.2693421171294,146.76756738825998
-37.26908004823186,146.76612572054734
-37.269097357992464,146.7655841752572
-37.269453000136885,146.7618398101894
-37.2724478920789,146.75995922507826
-37.27600811650079,146.758090422112
-37.27850132591102,146.75760973903007
-37.28100007111984,146.75845488866236
-37.28229177821469,146.75982224657028
-37.28328169064331,146.76059089103575
-37.28453631702653,146.7615911710751
-37.284729334800325,146.76180361458987
-37.28728664743057,146.7642475500612
-37.28980374037113,146.7664173173679
-37.29271454271641,146.76907355915606
-37.29292890692578,146.76929409817237
-37.29323461571806,146.76956341905142
-37.29348874650803,146.7698213015029
-37.29386027929517,146.77021793433317
-37.29405921160585,146.77063694520757
-37.29423745470745,146.77114259488462
-37.294583323819666,146.7716836137907
-37.29485165339038,146.7720814188732
-37.29506680971145,146.77244564569617
-37.295316889256085,146.77280719302536
-37.2957371535631,146.77297830697762
-37.29897095389636,146.77361092322585
-37.30193982472651,146.7739660648418
-37.30574986958389,146.77430100556825
-37.3061558227736,146.7742946602091
-37.3061325079707,146.77431271943402
-37.30615633600221,146.77433929830528
-37.30616019117622,146.77435861150207
-37.30640812140105,146.7739426971739
-37.30678125278705,146.77354405815825
-37.307120827597814,146.77312763337682
-37.30737333594847,146.77276718627562
-37.30757282407253,146.77237478557848
-37.30773060356168,146.77178837671826
-37.30788344699261,146.77127052562437
-37.308178625315165,146.770799051058
-37.30838671199944,146.77055528693722
-37.30866280146449,146.77030205879547
-37.30901381011442,146.77008990372298
-37.30932546288161,146.76978915729862
-37.30953743635758,146.76949334713876
-37.309903422829244,146.76910139594594
-37.31012453481396,146.76862516762344
-37.31043063728838,146.76812375322916
-37.3106475079151,146.76776834595356
-37.310812915771976,146.76741740080095
-37.31093216960786,146.76704089028155
-37.31122475892844,146.76648780105916
-37.31174643285741,146.76659733170106
-37.312094124920314,146.76666296062908
-37.312542156688636,146.7668091090903
-37.31281127212242,146.76697819226973
-37.31309674587233,146.7672518915342
-37.31341376986921,146.76732858466465
-37.31374256448114,146.76735854041166
-37.3141491739203,146.76747780502126
-37.314480136365816,146.76773464159135
-37.31475913629662,146.7679403509953
-37.31511796200142,146.76829519320782
-37.31548690037813,146.7686708964915
-37.31580452682689,146.76893424256687
-37.316101051442374,146.7690883658918
-37.31657636273036,146.7691512486943
-37.3170907245071,146.76906513135307
-37.319959326248444,146.76836424112687
-37.3232898608543,146.76726074561827
-37.3266804039607,146.76582572140558
-37.32711436386987,146.765499807736
-37.32745719917688,146.7653157766893
-37.32774118430678,146.76510938851374
-37.32801573167829,146.764884558537
-37.32839626414066,146.76466062792576
-37.32876267726652,146.7643980350542
-37.32916735852346,146.76413507410405
-37.329601142082765,146.76388451217252
-37.33003779353915,146.76365072092776
-37.33039120948777,146.76334829175482
-37.33068064590284,146.7631648075535
-37.333134451128394,146.7612315476657
-37.336107241684445,146.75907214341757
-37.339275890399875,146.75672964500936
-37.34166971845648,146.75399632714354
-37.34329084495639,146.75196381904678
-37.34357410923832,146.75158591807477
-37.34360318993352,146.75154708058747
-37.34360916875989,146.7515827697502
-37.34398867230102,146.75147020865117
-37.344401644551404,146.7512773214395
-37.3447238572635,146.7510389160578
-37.346940352709424,146.74812279687708
-37.348997779445554,146.7453369031056
-37.3512825174656,146.74241384147984
-37.35296071603186,146.73966024318784
-37.35325835500011,146.7392086769278
-37.353245331401475,146.7392013813393
-37.35324453053009,146.73919138632186
-37.3532583085239,146.7392290094292
-37.353283975570086,146.73920627132503
-37.35326105503312,146.7392014087919
-37.353025175070904,146.73878578899823
-37.352747765508084,146.7383044551213
-37.35259451968813,146.7378599513046
-37.35231368230698,146.73741948022698
-37.35232174669797,146.737446182455
-37.35229925607984,146.73743821574925
-37.35228607627854,146.7374691503449
-37.35227048076745,146.7374947183627
-37.3523009707958,146.73748770682883
-37.35226444855437,146.7374655510594
-37.35229732683516,146.7374900899759
-37.35191913153761,146.73725911191886
-37.35186332226882,146.7368382223485
-37.35190033651285,146.73625254155922
-37.3518880586884,146.73568023986732
-37.353360408056936,146.73189587219278
-37.354762435993294,146.72865440427154
-37.356342572213926,146.7254501595781
-37.35743831885466,146.72197118934062
-37.35744703847544,146.72155689526411
-37.357545399284504,146.7210020862067
-37.35763517731022,146.72043867678164
-37.35778335586487,146.71984566606378
-37.35787959371439,146.7194502307457
-37.35803626200812,146.71893469303885
-37.358014626521346,146.7189470500876
-37.35803366068815,146.7189209253594
-37.358021187068005,146.7189016324649
-37.35800844690809,146.7189244579188
-37.358043894550825,146.71893030356856
-37.35829600056125,146.71836675738385
-37.35836818143827,146.71793344706785
-37.358371861814106,146.7173865724133
-37.35843935865913,146.7169919045734
-37.35847853570287,146.71645934187646
-37.35849425960137,146.71588817184676
-37.35843018058355,146.71533590520994
-37.358258551501656,146.71475706272395
-37.35802062009836,146.71436778333737
-37.35800568897096,146.71437135207898
-37.3579699616534,146.7143834658682
-37.35797884613295,146.71435807709773
-37.357769882988975,146.7140775023505
-37.35747164142269,146.71374081953456
-37.35716196815159,146.713686235773
-37.35678467559003,146.71373009485848
-37.35633966544272,146.71369795449203
-37.35603538035893,146.71362959557894
-37.3555885797296,146.71352720681585
-37.355192146163766,146.71334271259545
-37.35477749704342,146.71327561302195
-37.35446462982235,146.71316272561165
-37.35402634335691,146.7130462408033
-37.35373193945254,146.71306225935018
-37.35330725901171,146.71298458091456
-37.35289503766603,146.71290022619118
-37.352919413972295,146.71286129788786
-37.35291954566422,146.7128496775531
-37.35292266164537,146.71287549742308
-37.3527559801058,146.71322053944098
-37.35250514076811,146.71373320959623
-37.35223104720377,146.71419915255657
-37.35195821732306,146.71443367105368
-37.351597639655,146.71485732766038
-37.351336777383665,146.71514747362176
-37.35102639798941,146.71540002069167
-37.350724702277596,146.71554623949476
-37.35040588071573,146.71578842452723
-37.350141518968584,146.7160697619619
-37.3497323009263,146.7162295670485
-37.34931819592506,146.7159689659045
-37.346148873991346,146.71436176405865
-37.342698159063126,146.71334303399163
-37.33957378913474,146.7124815909171
-37.33697676182413,146.71178014713718
-37.334731048206464,146.7111289022419
-37.333870964725975,146.70945579018928
-37.3329166704026,146.70791665018703
-37.33214007676474,146.70675978521902
-37.331957822606164,146.70655247274613
-37.32936337677851,146.70432314010387
-37.32663709981027,146.70204565065578
-37.32705914132276,146.69822278667468
-37.32811218621555,146.69452938449766
-37.328898941947614,146.69210158361145
-37.32971025728272,146.6898703910629
-37.330829661756816,146.6888145318881
-37.33166981650262,146.68774023863725
-37.33184910151023,146.68743902428614
-37.334156295053965,146.6835527554987
-37.33448454838059,146.68320950327424
-37.33468409241487,146.68262729130143
-37.3348458612687,146.68209985159763
-37.33489777444605,146.68166369347614
-37.33530931687282,146.68146074505503
-37.33568444454098,146.68134104633688
-37.33596077266737,146.68104939967643
-37.33636552780495,146.68070657633783
-37.336736586329394,146.6803176751617
-37.336979510207094,146.67985279823847
-37.33707025708125,146.67941178921217
-37.33745964736365,146.67914401963185
-37.3405640945384,146.67636216616654
-37.342985327284964,146.67319646586668
-37.34468956271035,146.67015898267604
-37.34718986304071,146.67039485402356
-37.347701203897834,146.67031369629115
-37.34803636134844,146.6700386818841
-37.34842126754181,146.66985270798978
-37.34879928019069,146.66964759642323
-37.34909262398642,146.66930833603712
-37.35120297319955,146.66653501492746
-37.35149018037375,146.6661422637532
-37.351740439565205,146.6658874889616
-37.35177829100169,146.6658597504997
-37.3517594318859,146.66589506848263
-37.351753973803405,146.6658804676557
-37.35178466425063,146.66588690523403
-37.35181822686199,146.66586900562913
-37.35185133847073,146.66585024236423
-37.35143423555634,146.66613711082636
-37.35106020843963,146.66637484962607
-37.35067859763596,146.66650832523126
-37.3503310877073,146.66658154654328
-37.34985667470319,146.66672440236675
-37.349500167833604,146.66678986137325
-37.349120641900846,146.66687320911367
-37.34872994034629,146.6669801778649
-37.348451533472335,146.6671727534647
-37.34809153737217,146.66729724338683
-37.34766827575145,146.66736219431456
-37.34732762113578,146.66761586516964
-37.347211552244715,146.66813907187202
-37.34712519553802,146.66859360168377
-37.34697132063515,146.6690461781168
-37.34673536605472,146.66961775579742
-37.34482344498497,146.67380912580137
-37.34452678333537,146.6741266427252
-37.3442849116116,146.67434194252237
-37.34421765266308,146.67475980856295
-37.34417067781576,146.6752073465409
-37.34312060967516,146.67956089739002
-37.34191665423138,146.68406761629936
-37.341036657609706,146.6887208581646
-37.33980880744215,146.69249958721088
-37.33971016842641,146.69305663633548
-37.339607940695345,146.69335815517425
-37.33927512505324,146.69382119322398
-37.338913580133855,146.69397751679546
-37.338885557117834,146.69397910763945
-37.33886519909295,146.69399149636172
-37.33883832983212,146.693975157539
-37.338824030334486,146.694378742039
-37.33881088495114,146.69485317588445
-37.33891638425003,146.69531573367928
-37.33900856551975,146.6956550048087
-37.34014245330805,146.70033630549142
-37.34031348470807,146.70074978403844
-37.34043829479172,146.70127843399467
-37.34038617103988,146.7018680376209
-37.34027990047665,146.7024542049856
-37.340223766255896,146.70298721886687
-37.34007819692454,146.70360317216725
-37.339993601959534,146.70396042989918
-37.3399984867895,146.7043896608035
-37.339732529297,146.70459075817828
-37.33944058442207,146.7048584628505
-37.33912988781916,146.70507726903244
-37.33886682595948,146.7051750773646
-37.33842230285869,146.7054029531308
-37.33804202475862,146.70560703266077
-37.33754635451631,146.70570525896895
-37.337108381783516,146.70590534300712
-37.33673657010278,146.705996305089
-37.336429583251515,146.7060276374428
-37.33603291707453,146.7060229580847
-37.33562908345255,146.70618794201042
-37.33522864226455,146.70636148048834
-37.334857033118205,146.70654394152544
-37.33452011728803,146.7065966932218
-37.334060483617016,146.70676208412343
-37.33367624866881,146.70707148327597
-37.33326463339439,146.7073740263501
-37.33286139492587,146.7077020815083
-37.33041676803513,146.70973425695007
-37.32737935138198,146.71275439884332
-37.32422223958042,146.71253418223762
-37.320954190651555,146.71226654678793
-37.318283150485755,146.71205465002842
-37.31719942103739,146.71399607184216
-37.31637405287338,146.71516665836833
-37.31543196632943,146.71660680065858
-37.31529829428928,146.7168696036742
-37.314534176609314,146.72043854791957
-37.31355504055618,146.7238348991008
-37.3126239134518,146.7277073868297
-37.311688798585,146.73110807973652
-37.310560623358576,146.73395283476611
-37.30967882559411,146.73578557923287
-37.30896959190905,146.73746502377142
-37.308371184915615,146.73875461958184
-37.3081258744586,146.73896676105443
-37.30513318202802,146.74192611850194
-37.302577248708694,146.74487212547555
-37.29994249923759,146.7471871665696
-37.297356917879576,146.74880093261964
-37.29706056840966,146.74899496456237
-37.29669026193595,146.74943146377908
-37.296351628263686,146.74985891121133
-37.29618953080524,146.75023094488245
-37.29596081192738,146.75055937190206
-37.29575999024567,146.75086360419903
-37.295542130392626,146.7511924817006
-37.29527069247117,146.75144654585287
-37.295008019580735,146.75171728317207
-37.29471951258882,146.75206679584934
-37.29475403256685,146.75204519172794
-37.29472908638945,146.75204689535946
-37.29470182742273,146.75204074374372
-37.29467953190041,146.7520336162596
-37.29468050988667,146.7520109052659
-37.29467560245953,146.75204750106687
-37.29465024358051,146.75204010328136
-37.294611174373806,146.75206505137587
-37.2946384956436,146.75206543913055
-37.29462349300055,146.752052807281
-37.29463053998312,146.75202060643483
-37.29459674960545,146.7520451128423
-37.2946243460258,146.75202398772018
-37.2945897911748,146.75204544966476
-37.294581166151225,146.7520622378558
-37.29456462061941,146.752095723637
-37.29459356682678,146.7521367822823
-37.29456603445338,146.752115240102
-37.29459823518312,146.75209397800455
-37.29463645114482,146.75211570419836
-37.29461954978293,146.75210896204948
-37.294611203837654,146.7521007198472
-37.29503412172104,146.75229070059058
-37.295455981454595,146.75254785333206
-37.29580690521263,146.75280802607975
-37.29608264439655,146.75302118843322
-37.29654273660639,146.75322772980374
-37.29686769670667,146.75345123072137
-37.29614867674243,146.75794434748596
-37.295680842132356,146.76271305393385
-37.29490784510673,146.76650726558515
-37.29423531232028,146.76965896497498
-37.29381702659248,146.77237188780188
-37.29370069391328,146.7745381344957
-37.29341595656255,146.77475502204354
-37.293018968333115,146.77498047838537
-37.292698781569676,146.77510825426054
-37.29232420654765,146.7751524459234
-37.29186278533729,146.77508546829196
-37.29148657367382,146.77511497956496
-37.291202387910374,146.7749821825625
-37.2909670138096,146.77451365514602
-37.29072567814438,146.77419643305575
-37.290393624447994,146.77380013457426
-37.290122195258526,146.7735029917355
-37.287634714969855,146.77058896980125
-37.28477123638909,146.76740460280678
-37.282358577072664,146.76434551800114
-37.280080808704284,146.76212072704098
-37.278121987945305,146.7602512546876
-37.276514153815356,146.75883439296433
-37.27527221533796,146.75771671288237
-37.27398433028463,146.75679328327396
-37.27375934560291,146.7567179460038
-37.271391641539935,146.75339087730478
-37.268903877549796,146.74964945531445
-37.26667547212435,146.7470126496491
-37.26449950363604,146.74418276792525
-37.26286610379906,146.74157446424374
-37.26302336786943,146.73914841280143
-37.26300798279388,146.73769653562704
-37.2628924043589,146.7372304154179
-37.262619085903545,146.73671736604518
-37.26238991082065,146.73632166265975
-37.262185503617566,146.73602482978544
-37.26183293781046,146.73558707924303
-37.2615729241566,146.73538357547338
-37.261275451146545,146.73507876798067
-37.26109675706483,146.73467730799237
-37.26086027251914,146.7342784222153
-37.2604814697216,146.73395823074398
-37.2570430127767,146.7316174292347
-37.25430034688478,146.7296005976567
-37.25101097654329,146.72755973414104
-37.24878579956259,146.72573042707396
-37.2470023882341,146.72400573684737
-37.24553155020945,146.72284137408568
-37.244376884786675,146.72196126805775
-37.243991033362505,146.72178411670484
-37.243668100078075,146.72161704334314
-37.24328627099255,146.72146802623865
-37.242987996246185,146.7212120486886
-37.24265940230696,146.721061036455
-37.2421660650185,146.72098261722752
-37.241838855634455,146.7209683484005
-37.24152486650699,146.72098457469878
-37.2414849430263,146.7210075413197
-37.24151844919637,146.7209951283827
-37.24148967195603,146.72102329691535
-37.24149463688337,146.72104976396056
-37.24147351028555,146.7210567800323
-37.24148675520547,146.72107984893813
-37.24147915004507,146.7210483640957
-37.24144310741015,146.72104462775178
-37.24144186213283,146.7210696924591
-37.2414321545999,146.7210377952692
-37.24141928585718,146.72104652394447
-37.2414495152511,146.72107669179013
-37.241476289054695,146.7210585803023
-37.24146684380062,146.72107179301412
-37.24135181773588,146.72165581136744
-37.24116537971226,146.72219022352624
-37.24095433785937,146.72264010009226
-37.2406926818588,146.723047370028
-37.24048594812535,146.72354367065114
-37.24033536223579,146.7238743961894
-37.24017488848193,146.72434775891483
-37.23993558617249,146.7249417210414
-37.23981252330511,146.72552440161527
-37.23972485641471,146.72587852009613
-37.23962499513621,146.72642733711152
-37.239574120084164,146.72691175786906
-37.239491933739004,146.72749432565382
-37.23948405778158,146.7275019653522
-37.239510832624255,146.72751682345404
-37.239526065689766,146.72750548959013
-37.23948914978806,146.72748208169708
-37.2394532982134,146.72751951804878
-37.239432106908424,146.7275380774685
-37.23940424821199,146.72754218604595
-37.239369079153,146.72755525765692
-37.23940684839967,146.72757670281197
-37.23940716200981,146.72756943830737
-37.23941707695961,146.72760499119977
-37.23966022596181,146.7281882307994
-37.23983510636729,146.72866449474563
-37.23996108001518,146.72900636677156
-37.24014891307359,146.7295147517825
-37.24036809699583,146.7298518763363
-37.24070679812768,146.73039353792694
-37.24086976557023,146.730833006455
-37.24107390743066,146.73118579000064
-37.24138550602317,146.73159620870908
-37.241359326538536,146.73162356019566
-37.241326449065035,146.73159588112154
-37.241362570339824,146.7315861681367
-37.24138357771671,146.73161999291452
-37.241398343528935,146.73162740808382
-37.24138238454521,146.73166631188897
-37.2414158645508,146.73168744936532
-37.24132857345545,146.73227958397536
-37.24129776793734,146.73226535425863
-37.24130498729279,146.73223846942767
-37.24131192330048,146.7322027505526
-37.241320271551494,146.73220934202675
-37.24134752970259,146.73222865211724
-37.24136521044062,146.7321936234111
-37.24134806124654,146.7321947414729
-37.24132157021011,146.7321753936165
-37.241299316856434,146.7322038058155
-37.241277168243116,146.73218916365406
-37.241294674594435,146.73221735095666
-37.241281093262664,146.73219324664464
-37.24129571693011,146.7321709550156
-37.241265993575816,146.7321866524353
-37.241257019766906,146.73214948923962
-37.24123344066354,146.73211712275415
-37.24121398617195,146.7320782204374
-37.24121621101423,146.7321162895527
-37.241224619829914,146.73212120417065
-37.24170973952564,146.73228207610663
-37.24218145498301,146.73239184416528
-37.24258505075144,146.7323607424365
-37.24290773795688,146.73242321928143
-37.245191986298885,146.73489084696578
-37.24728635870206,146.73764583998738
-37.24938877743162,146.740724863355
-37.25085813964062,146.74317656836877
-37.25330202909105,146.74351663235234
-37.255264599945164,146.74368311340567
-37.25646584223984,146.74362840813177
-37.25763939403788,146.74335259205125
-37.257837040854376,146.74327489602513
-37.260832847962675,146.74201514635234
-37.26401376287744,146.7409889713846
-37.26675286046881,146.74381754538987
-37.2689363544944,146.74637685943523
-37.26888344720164,146.74980273065393
-37.26891618066524,146.75243230302803
-37.26878825743431,146.7542357719602
-37.268791420234045,146.75588310044932
-37.26865303685934,146.75621916280852
-37.26850853691976,146.75665519837463
-37.26834541930921,146.75715640480695
-37.267920982917154,146.75737805286423
-37.267505507106655,146.75745008843808
-37.26718676220324,146.75767073034834
-37.26686898369139,146.75793698323278
-37.26647517258671,146.75815126563768
-37.266047917870374,146.75832716391758
-37.26558177097276,146.75857200713378
-37.26518848626125,146.75865618128623
-37.261586059435054,146.7585175001904
-37.25885764739647,146.76085663121367
-37.25607127556529,146.76273338480198
-37.25497547563588,146.76651245788813
-37.25479419433978,146.76702985771811
-37.2545931956788,146.76746901460155
-37.25268181217324,146.7717637618058
-37.25057939643947,146.7756142558119
-37.248077677105236,146.77908664113156
-37.24649613317282,146.7818111451822
-37.245244778575255,146.78377475829228
-37.24409085217993,146.7859825195998
-37.244492724269854,146.787651217511
-37.24440045038593,146.7880587161763
-37.244174929914315,146.78840763370204
-37.24386585325521,146.78884437832886
-37.24363626594221,146.78919664716653
-37.24323162729984,146.78949596592597
-37.24323429241727,146.78947030420642
-37.2432101277341,146.7894523981334
-37.24324585091613,146.78944826958985
-37.24326420296597,146.7894600549254
-37.243288357006854,146.78942185686662
-37.243267135046665,146.78938379820647
-37.24327334051803,146.78940495068673
-37.24325666352496,146.78940700225223
-37.24329485272475,146.7893987706353
-37.243265089107446,146.78942252901996
-37.243228515740206,146.78944733426692
-37.24322101614204,146.78944569382134
-37.24325527642103,146.78944988819475
-37.24329016474998,146.78946675510971
-37.24326128349517,146.78948388072413
-37.24326530520666,146.78950633481142
-37.243282423707086,146.78954302974887
-37.24330083797954,146.78952366160416
-37.24330475797232,146.7895553628408
-37.24329886681759,146.78952333091544
-37.24333861563254,146.79003304778564
-37.243439398202156,146.79062061554677
-37.243571743017476,146.79105641307368
-37.243548121436625,146.79105075662181
-37.24402941971524,146.79126910359975
-37.244028212265654,146.79126034087324
-37.24405502012178,146.79125292773963
-37.24378576190441,146.79169936428184
-37.24354938548713,146.7919504100211
-37.243351883529265,146.79228284576664
-37.24304127398149,146.79282662479758
-37.24292146822912,146.79330330313994
-37.24280878952713,146.79376164763613
-37.242777225167785,146.79439044304672
-37.242685289769376,146.79487830173787
-37.242599109751296,146.7952685191106
-37.24257277515345,146.79530425802938
-37.242538067267155,146.79527095436586
-37.24256570796967,146.79526630526834
-37.24255371923783,146.7952385242242
-37.24254595670553,146.79524805944936
-37.24252090283054,146.7952883572118
-37.24293750614399,146.79534049202644
-37.242969005223244,146.79531536041333
-37.242972789672855,146.79533612853302
-37.2429387575666,146.7953261233093
-37.243080217968455,146.79571684213735
-37.243251842552496,146.79634700837192
-37.24331192115144,146.79690922983667
-37.24334521168055,146.79737466658858
-37.243395594001775,146.79785309632115
-37.24355028936432,146.7983959437575
-37.24363919244364,146.7988231191896
-37.24367858955515,146.79879976457042
-37.24370284522787,146.79877615606568
-37.24369514635162,146.7987470142064
-37.24367700999882,146.79878760432666
-37.24357932989393,146.79934262323948
-37.24350901252869,146.799722836559
-37.24342762901262,146.8001061611822
-37.24340221959781,146.8006993161609
-37.24335671608724,146.80129473996126
-37.24329298429997,146.8016903662211
-37.24326521817838,146.80223965914635
-37.24315009200916,146.80283991631418
-37.24273452726985,146.8029675556143
-37.24233319533173,146.8029416225203
-37.24196181080295,146.8028575158707
-37.24162790256662,146.80281672415276
-37.24126760599805,146.80285759078984
-37.24086047500778,146.80273386572975
-37.240422009597204,146.8027236422091
-37.24003556536948,146.8027474079393
-37.24003635847998,146.80275285177657
-37.24004181102594,146.8027532053824
-37.24002279997662,146.80277115907154
-37.24003929582305,146.80274050890029
-37.24002979889981,146.80273569285856
-37.240049969230135,146.8027269018739
-37.24007412618533,146.80271549118453
-37.24007836371815,146.8027013382572
-37.24003997504015,146.80269840273309
-37.24006720123674,146.80266638149743
-37.240091730168814,146.80270164016534
-37.239893336385464,146.80238849628157
-37.23957188566664,146.8019601806504
-37.239382016202256,146.80163445346204
-37.23928473357541,146.80124484224166
-37.23914577389869,146.80071898605874
-37.23913615819003,146.80021019867658
-37.23905061893986,146.79961765614965
-37.238913739748,146.79909691474788
-37.2387139814892,146.79867419158094
-37.23841469899272,146.79823542405617
-37.23850849438162,146.79787676648462
-37.23864550663396,146.7975479334544
-37.23902490090569,146.79746955386727
-37.239470370890096,146.79755111015086
-37.239900971142596,146.79748886589275
-37.24029891575171,146.79731271084026
-37.24063054982442,146.79733170689872
-37.241004675308055,146.7969116885724
-37.24097561431348,146.79690031324148
-37.240942343072646,146.79693781496547
-37.24097278550445,146.79690072652127
-37.24096344261626,146.79692735578448
-37.2413027522926,146.79728363423084
-37.2416433709162,146.797663019772
-37.241633640072806,146.7976574370569
-37.24191515176684,146.7979974835415
-37.242198903057904,146.79847924339973
-37.242463748651545,146.79878693165907
-37.24280655175303,146.79910040752577
-37.243248838009045,146.7993561019561
-37.24353170898474,146.79951633795616
-37.24384369356835,146.7996027383719
-37.24416412713151,146.7996507623905
-37.24467565204223,146.79964505180808
-37.245130405608705,146.79943777954077
-37.24564271567249,146.79924711772483
-37.24564669681499,146.79923854903865
-37.245640790604476,146.79927071331502
-37.24567146015833,146.79927169960493
-37.24606556322018,146.79915723465388
-37.24607862329244,146.79911768352872
-37.246044857489665,146.7991203425239
-37.24602963294935,146.79911856253145
-37.24618044020421,146.7985987535399
-37.246225344254384,146.79820635420657
-37.24624435672393,146.79779184729642
-37.24623295852075,146.79732490441327
-37.24607327704661,146.79685601379748
-37.245977909696755,146.7964672235372
-37.24598491603572,146.79594346649637
-37.246082279785874,146.7954420666326
-37.246359604632616,146.79492255625968
-37.246398076448585,146.7944311016593
-37.24638010723586,146.7938253760493
-37.24655195732173,146.79324801571315
-37.24665317679198,146.79273997375486
-37.24638760815934,146.79243414730794
-37.246151764342386,146.7921327212578
-37.243153168282596,146.78913961583208
-37.240664882932464,146.78586892312327
-37.23768803186005,146.7828061812003
-37.23742800438058,146.78249686582936
-37.236944090731804,146.78217404364764
-37.23340606574032,146.78042455444532
-37.22967772815424,146.7793214243611
-37.22587392671625,146.77852377586376
-37.224195627225264,146.78166874994176
-37.22559157448827,146.78367537726487
-37.22670320722591,146.78544487750224
-37.22751745068152,146.78690597577108
-37.22808782802925,146.78823069187638
-37.22822699568275,146.78852275469157
-37.22839858205981,146.7890171125868
-37.228583363295606,146.78943520293953
-37.22873000209736,146.78978338560293
-37.22876972127308,146.78981056380056
-37.22880041677957,146.78983260306748
-37.2287631417916,146.7898078567775
-37.22860297004205,146.79015579232856
-37.22848024770641,146.79057550465217
-37.22781428306271,146.79409936756147
-37.22764308941165,146.7946654586858
-37.2261529148432,146.79903202804482
-37.225284823290664,146.80303804144452
-37.22518552376118,146.80346707061148
-37.225026584688095,146.8038315395952
-37.224873509791756,146.80432687622948
-37.2246131552306,146.80472160051372
-37.224328179778674,146.80493693155458
-37.22393752253122,146.80518410208813
-37.220886082308766,146.80719313394053
-37.21759666010229,146.8095623130839
-37.21437211925179,146.81184835075823
-37.21151895122242,146.8135221993178
-37.208892087629216,146.81452493188053
-37.2069759633227,146.8150282757309
-37.205780680083265,146.81517858462666
-37.2053620816062,146.81511205211967
-37.20494284806576,146.814938288513
-37.20496445471783,146.81490921356254
-37.20499313748842,146.8148727109131
-37.205003588726,146.8148708747694
-37.20500211654621,146.81484590222507
-37.20499648605354,146.8148351627566
-37.20497612795825,146.81484784412592
-37.20494247194849,146.81483186398995
-37.20457970463745,146.81453465680943
-37.20431287907787,146.81427224248174
-37.20432019461909,146.8137171899563
-37.20430199609594,146.81310607776877
-37.20440730381283,146.8088861388683
-37.2042925980972,146.80522401009665
-37.20391154205308,146.80147191281395
-37.203387488946845,146.79820705114403
-37.20317961817337,146.797774273713
-37.203056365080556,146.79734948738997
-37.2029665685957,146.79684044469636
-37.20285846100302,146.79646459960094
-37.202791675326736,146.7960010660372
-37.20281306614726,146.7954260398148
-37.20287488427675,146.79484177759895
-37.20300947675638,146.7942743740328
-37.20314356028379,146.79368286117696
-37.20311573286708,146.7930903061985
-37.20361626866532,146.7883724190974
-37.20400406800979,146.78463174029338
-37.204051057832054,146.78102376033988
-37.203874229865285,146.77764189561682
-37.20372691871033,146.77492119596158
-37.2038554383644,146.77273389945861
-37.20382259069379,146.77104693377285
-37.203679806162654,146.7693234571334
-37.2036747304924,146.76898706909193
-37.20325368907606,146.76463415865655
-37.20315182486967,146.76103446465345
-37.20348028229906,146.75662399885005
-37.204123133755616,146.75304515565395
-37.203440143347265,146.74984296104725
-37.202913037679764,146.74759181620834
-37.202841482592014,146.7471145083048
-37.20206090764064,146.743596420525
-37.20192298848424,146.7430655440055
-37.20158016959089,146.74299142735606
-37.20112179570849,146.74275487830766
-37.200848222894734,146.74272149282345
-37.20046598487878,146.74279780255935
-37.20014485603518,146.7429625532112
-37.19961033134361,146.74307963697632
-37.1993958658911,146.74362190326204
-37.199344612817846,146.74427972451417
-37.19938965935349,146.74488878562565
-37.19942241145982,146.74527900879815
-37.199409034588975,146.74583129079372
-37.199385170915996,146.74580849446463
-37.19941636362312,146.74580735522994
-37.199419701404814,146.74577334376988
-37.19940792721299,146.7458043917597
-37.19939072999059,146.74578368881578
-37.199415794250235,146.7458075957483
-37.199421653380966,146.74578765823765
-37.199387577037925,146.74578420115577
-37.19943745367716,146.7462071702676
-37.19997062280289,146.74969274884742
-37.197380216709384,146.7520425283874
-37.19709284146538,146.75253443498826
-37.19677116398028,146.75282147640604
-37.19647783219583,146.75310191746274
-37.19622294641972,146.75352148262957
-37.19601311389125,146.75397357984994
-37.195817185921705,146.7543921568454
-37.195752659535145,146.75499421664443
-37.195661933486384,146.75557575663422
-37.195546733172684,146.7561093066965
-37.19531247990427,146.75663447663032
-37.19398736034514,146.7607489187829
-37.193941959189154,146.76127007770725
-37.193856822008634,146.76186275843415
-37.193868111509495,146.76226317537703
-37.19382871932977,146.76223475361118
-37.19385225921502,146.76223129290506
-37.1938900740376,146.7622338536385
-37.19363322190569,146.76276856741902
-37.19342442350057,146.76308486518738
-37.19312927093538,146.7635164478846
-37.192821747851376,146.76393593528593
-37.19263595788909,146.76427917847374
-37.192374953258025,146.76482895624054
-37.192104344046946,146.7652729024557
-37.19197643749462,146.76564977966666
-37.190759903752244,146.77026633363943
-37.189250885242444,146.77452689472807
-37.187395319607994,146.77885395196924
-37.18592673658369,146.78137915743005
-37.18405879367965,146.7837791357657
-37.182896301831626,146.78550979062624
-37.18192835983956,146.78682171423537
-37.18089267987203,146.78774967302837
-37.180517785326096,146.78805548491806
-37.1802454198805,146.78847264295032
-37.1800634671702,146.7889349715099
-37.17995648465774,146.7893699598139
-37.179871013922615,146.7898064054169
-37.17949111111274,146.79380503280473
-37.17862890719185,146.79798829223336
-37.17794967240922,146.80242765288077
-37.1773418918803,146.80632283277546
-37.17694946323134,146.8092776384832
-37.17674313202363,146.81154097464662
-37.17668971475547,146.81315458671804
-37.17664947208901,146.8137361259385
-37.17670714160052,146.8141738126938
-37.17671785924252,146.81419600574546
-37.176912425368954,146.81477877725877
-37.177102910976636,146.81528114820787
-37.17728070128685,146.8156083984861
-37.17753310934438,146.81603149577313
-37.1778215134536,146.81653990335334
-37.17794492004744,146.81708252646501
-37.177966529936725,146.81704903197664
-37.17798510720008,146.81706592218026
-37.17801820566222,146.81708938779988
-37.17804325707689,146.81709496346988
-37.17802978669455,146.81713534034822
-37.17801260268741,146.81714573068544
-37.17803793513188,146.81713383078733
-37.178046847843284,146.81711106841777
-37.17803427495622,146.81713560748457
-37.17804310410647,146.8171174900712
-37.17806124675487,146.81712715883688
-37.17808315072559,146.81716244870887
-37.17805810088502,146.81717933105298
-37.17802246797069,146.8171495053332
-37.17801485640174,146.81718572784987
-37.17804643953742,146.81714998105568
-37.178042869510264,146.81712100122397
-37.17805980794,146.8171046366193
-37.178063302059144,146.8171263873174
-37.17806627947327,146.81712760031658
-37.17769770506719,146.81699933592586
-37.17729112327262,146.81683012723965
-37.1768972611854,146.81671535901353
-37.176521630325595,146.81648389661174
-37.17606263734885,146.8162958731313
-37.17577923960572,146.81613794799398
-37.17547583431854,146.81639044008205
-37.17519289453958,146.816593755788
-37.174885903375,146.81672899682334
-37.174897914504,146.81675088827018
-37.17492092839328,146.8167288922746
-37.17490733065191,146.81669819782172
-37.17491987833869,146.81669868502604
-37.17468659672679,146.81637853997097
-37.17470993041831,146.81634513875338
-37.174747559439425,146.81636507340605
-37.17459225944716,146.81589618855622
-37.174490476708264,146.81544118100246
-37.1742809702817,146.81484517322266
-37.17410105952095,146.8144859227505
-37.17375939744923,146.81421542720466
-37.17339192143155,146.81403007694308
-37.17303263806911,146.81439919881313
-37.17061222482247,146.8163968914377
-37.170305326747034,146.81657917876768
-37.169803605474875,146.81672496156833
-37.16943834294176,146.81672563632324
-37.16905346979741,146.81684648763587
-37.16857760401343,146.8170520258302
-37.16813890048611,146.81717674717822
-37.1681490436573,146.81714592280662
-37.16793651460907,146.81759459853262
-37.16794768329532,146.81760013588
-37.167933449316,146.81760730720353
-37.16794269096096,146.81761502384572
-37.16796858826983,146.81758908192776
-37.16824665425603,146.8179608512105
-37.16851927349668,146.81851760939594
-37.16882916288218,146.8188304316026
-37.168826356791,146.81885990677353
-37.168808238110906,146.8188701595991
-37.16877939267638,146.81884124605017
-37.169199335646205,146.81851115331258
-37.16945271024279,146.81817022380247
-37.169685598394075,146.81786453597948
-37.17002929468964,146.81746975768178
-37.17034531667315,146.81704827608328
-37.170524036646,146.81664006721903
-37.17068473867987,146.81614684082936
-37.17072710653877,146.81616116275342
-37.17069928822218,146.81616598100285
-37.170703757508484,146.8161817614084
-37.170587197761066,146.81567212039334
-37.17053886007056,146.81512546238417
-37.17045954067061,146.81453404775237
-37.169336696045434,146.8105463641454
-37.167553907229795,146.80640436085952
-37.1645300981406,146.80375941630564
-37.16238101885288,146.80137503663224
-37.160688475526854,146.7991642437072
-37.16049907769905,146.7986592082037
-37.160222168281926,146.79825670390272
-37.159857786214175,146.7978226566647
-37.15966126576411,146.7975629295115
-37.15936375392806,146.79712169936195
-37.1591366284598,146.79655941748373
-37.157932974094564,146.79263947714648
-37.156346113085185,146.78878016362864
-37.15533348839013,146.78539888463467
-37.15425167701934,146.7826167068113
-37.15310850958853,146.7801330458148
-37.15229467177435,146.7781742529861
-37.15181640437506,146.77644241264505
-37.15142844157134,146.77469822900133
-37.15128326741036,146.77440030723213
-37.14949300379581,146.77034965591707
-37.148269412114594,146.76668358492802
-37.14825129360142,146.76608368056444
-37.148149240001146,146.76564201749528
-37.14756193692211,146.7616261578746
-37.14792176749922,146.7613588974075
-37.14839879619018,146.7611844920963
-37.14886827619502,146.76093154732388
-37.149317338687936,146.7606524601397
-37.14977451594391,146.76055565879196
-37.150165808381736,146.7603716867704
-37.15067039297904,146.7602471979365
-37.1511030446112,146.7601191340082
-37.15140297195781,146.76006496961142
-37.15188912477723,146.75993428379698
-37.152265997516714,146.7599490181259
-37.15270339347772,146.7598738493067
-37.153022542574625,146.75969790694265
-37.15563965074401,146.75793774514958
-37.158654927820784,146.7553165291826
-37.16136170221295,146.7536604682429
-37.16166859452608,146.7504677741848
-37.161800814277235,146.74758482280635
-37.16182637875021,146.74539281979335
-37.16205651620288,146.7437293574927
-37.161659692167255,146.7419186689188
-37.16157694915643,146.74161913079845
-37.16070979921772,146.73708289649718
-37.160039925040714,146.73245986308459
-37.15992683971469,146.72822200838655
-37.15947703024022,146.72416499906848
-37.15940390481036,146.7209969557547
-37.15925076387217,146.71891109442655
-37.15895789875593,146.71743452524848
-37.15870934566397,146.71594386322292
-37.158655518344986,146.71563614793175
-37.15829734598161,146.71165005970985
-37.157801867955975,146.70809750975613
-37.15784592966779,146.70361746810192
-37.15753774808768,146.699579944302
-37.15759228290988,146.69673575708555
-37.157637244433516,146.6960676010486
-37.157736340066684,146.69551933018414
-37.158692052471736,146.69107097764876
-37.15959492850648,146.68661069796104
-37.16276462176328,146.68411314227362
-37.16505740603831,146.68213851910264
-37.166892078568885,146.68103486897905
-37.16716122562244,146.68079499398627
-37.167187100354184,146.68077493822338
-37.16715696927668,146.68074903665234
-37.16714196260355,146.68075723564755
-37.167137933114944,146.68071800081137
-37.16714419618165,146.68074790578916
-37.167117690936216,146.68072258171748
-37.167088714718,146.68070075510016
-37.16743508854283,146.68055766506325
-37.16740908021696,146.68059264422885
-37.16742962077904,146.68057977257624
-37.16744595968613,146.6805672441688
-37.1674262070706,146.68059786054894
-37.167388577502805,146.68058577986946
-37.167375398727124,146.6805986832801
-37.167614095192825,146.68102897394851
-37.16783355710775,146.6815016366554
-37.16804327129182,146.68190700315304
-37.16826991657789,146.6822994528756
-37.168419162993004,146.6828065818508
-37.168567753825066,146.6832021078546
-37.168650243636435,146.68376880396372
-37.16863118511142,146.68432951745842
-37.16860601846969,146.68431409863288
-37.16859369494457,146.6842998879251
-37.16862419121744,146.68427880214045
-37.168584353417074,146.684319356239
-37.16846971638047,146.6847827548319
-37.168285144864505,146.6852482030803
-37.168075388612735,146.68574523855898
-37.16786688359389,146.68613383907655
-37.167834784967106,146.68611436898183
-37.1677137631213,146.6864974845569
-37.167537327462796,146.6871391119491
-37.16757485759687,146.68713460899454
-37.16759146267608,146.68714420519015
-37.167617933583855,146.68714320638716
-37.16759534231946,146.68710713490415
-37.16758551623367,146.68714277974604
-37.16783375732351,146.68756386292432
-37.16799056673737,146.68789473207386
-37.16830933991416,146.68829070049824
-37.168427079746586,146.68872488040344
-37.16995936243609,146.69308618907158
-37.16923690889334,146.69783583083
-37.16916680774018,146.69819059656675
-37.16914987037791,146.69876433934115
-37.16900959754584,146.6991338715922
-37.168944069043214,146.69957030460532
-37.168922792058,146.7001025990431
-37.168892424150165,146.70009744504543
-37.16887645241116,146.70007438783273
-37.16885818857297,146.70004625536524
-37.168864403410126,146.70008242143598
-37.168835285062876,146.70007566790156
-37.16918254221216,146.70052500449796
-37.16916554057219,146.70055810995294
-37.16914458247312,146.70054497617932
-37.1691528730823,146.7005482468662
-37.169137070752754,146.7005918501484
-37.169097330550976,146.70056087554897
-37.169105424105155,146.70060247069964
-37.169119040175495,146.70056974183748
-37.16915613217223,146.70057727930893
-37.1691422784728,146.70060485880572
-37.16914233100189,146.70061552490563
-37.169130953840586,146.70062554587076
-37.16910324755375,146.70064338555983
-37.169135889864535,146.7006368811685
-37.16881773211287,146.70084073846095
-37.168620923356336,146.7010929615145
-37.16843058152927,146.70146504012942
-37.16823559548425,146.70187221510062
-37.16801925529189,146.70240951962035
-37.166441633216856,146.7060648101935
-37.16472167564853,146.70991175520578
-37.16332859296556,146.7139124370638
-37.162119813044306,146.71733025983937
-37.161509202742025,146.72018996502007
-37.16104506910752,146.72226938468404
-37.160800625514966,146.72364731935275
-37.16041588014698,146.72534555549416
-37.16029205939237,146.72564693278193
-37.15904400869234,146.729261279382
-37.15707092543272,146.7334255827259
-37.15572167605239,146.73704011308234
-37.15321372212104,146.73675017883428
-37.1508593060024,146.7361818229604
-37.148912733869324,146.7355428603206
-37.14756420116814,146.73505311700234
-37.14609989031695,146.73470927869087
-37.14588168527818,146.73462672025715
-37.14254182558927,146.734319039987
-37.14059315088236,146.73082388835076
-37.137962098044135,146.72767632387584
-37.13611308028931,146.72533747587065
-37.13584319548894,146.72482004458288
-37.133574476121645,146.72126938241186
-37.13140355855597,146.71739012959642
-37.129390021504335,146.71361410538796
-37.127706347960654,146.7113277161971
-37.126034863159155,146.70944411585796
-37.12557516747683,146.70917382184274
-37.12531543895288,146.7089631371107
-37.12486107167712,146.70879951091658
-37.12451791270729,146.70858685703706
-37.12409337379204,146.7084796396417
-37.12361946590184,146.70846252728373
-37.12325024881289,146.70846195506357
-37.12299012051342,146.70853685736392
-37.119767278596264,146.70939122164074
-37.11664964229742,146.7110565502026
-37.11405955708344,146.71253045371694
-37.111199313417615,146.71373825971767
-37.10912240564735,146.71494005902542
-37.1087938701015,146.71523606667154
-37.10882621022968,146.71524349345748
-37.108853499930724,146.7152648542624
-37.10887551857615,146.7152350993577
-37.10886492729306,146.7152209686299
-37.10887019101856,146.715262610084
-37.108877690937256,146.71529137824402
-37.10851888356225,146.71539903414333
-37.10810127729953,146.71550070301035
-37.107774757006176,146.7154964973975
-37.10725395510905,146.71554198604127
-37.10680548212185,146.71564115363026
-37.106527332683896,146.71565306799698
-37.10621763428568,146.71574460645073
-37.105785405600265,146.71581727369602
-37.105405321818616,146.7159382301183
-37.10509249066277,146.71612058380867
-37.10467068405042,146.71643903897683
-37.10440197618086,146.7167735564052
-37.104236308163856,146.71712859876368
-37.104019092333644,146.71756938416692
-37.103844581141125,146.71795297105234
-37.10359516757075,146.71838907764803
-37.10342166742067,146.7187814366779
-37.1032606691067,146.71914727973856
-37.10311674448875,146.71949666733352
-37.10302407499444,146.71992946243623
-37.1023151566274,146.724055270447
-37.10121836082017,146.72837275054997
-37.10072868059147,146.73229751657917
-37.10062898648296,146.7360241691442
-37.10059312479201,146.73867413895235
-37.10053338965463,146.7391893294435
-37.10040936409251,146.7395768596509
-37.100421163197524,146.7400143111541
-37.10070348235982,146.7403636018682
-37.101069665006435,146.7407739061499
-37.101451540945796,146.7410479018022
-37.101739526680646,146.74128999542
-37.10547406820365,146.74049553805477
-37.10826448937661,146.73971600675276
-37.111350578126284,146.7383871852542
-37.11412050791101,146.73741466777432
-37.11623666700842,146.73680436563848
-37.1178755772425,146.73663766902195
-37.119330630670845,146.7364817599691
-37.12052571771616,146.73643621834813
-37.1207801760555,146.73648770713373
-37.123794837534,146.7363338413254
-37.127390330717255,146.73523105544103
-37.13037994417303,146.73447586576714
-37.13352763619147,146.7341325100267
-37.13545510788792,146.73238963076133
-37.13715926690329,146.73304021518575
-37.13839071298634,146.73343129215152
-37.13865828313108,146.73352204493844
-37.1391021474228,146.73370119091308
-37.139105094233855,146.73367533086395
-37.139113843165056,146.73368899882703
-37.13912705955303,146.73371388320544
-37.13912030164854,146.73373741919374
-37.13914468593945,146.73370312888852
-37.13918461875237,146.73373334199363
-37.13915639770051,146.73376133742693
-37.13916166369644,146.73378223208226
-37.13917209237813,146.73376208470972
-37.139168316972764,146.7337738378552
-37.139131225401606,146.73378944536242
-37.13911012863846,146.7337525497511
-37.13929550679034,146.7340194810277
-37.13956676822063,146.73430985214165
-37.142507225207716,146.73685631547337
-37.14517009935695,146.73945025499387
-37.14757075464099,146.74214062214833
-37.149160534795485,146.7444694014365
-37.15091216841143,146.7467753663571
-37.15222984420389,146.74835662106096
-37.153377607033704,146.74953636787018
-37.154306251090134,146.75041549022254
-37.154511199210035,146.75063430542681
-37.15744036493781,146.75314483424103
-37.1604040765395,146.755421871297
-37.162836336758524,146.75733795065193
-37.16320022545536,146.7574739682437
-37.16344672928969,146.75771618288903
-37.16376960901222,146.75805807246306
-37.16407790520733,146.75821728534527
-37.16449847539099,146.75848899050067
-37.164747649310144,146.75868336026787
-37.16500105977809,146.7589509897998
-37.1652673062401,146.75947308586845
-37.16510398731888,146.75985179581085
-37.16489113908681,146.76035996880472
-37.162935921010394,146.76446828066898
-37.16267245755167,146.76489044519826
-37.162381930916325,146.7651138750457
-37.15978433175061,146.76672743191313
-37.15688828616807,146.76852521297425
-37.153576978212456,146.77017327602
-37.15237554482022,146.77278912934176
-37.15208041629077,146.77327459730682
-37.15190764407379,146.77384993868952
-37.151933418048166,146.7738263304011
-37.151924376832504,146.77380349118337
-37.1519397527336,146.77379755183617
-37.15196383679543,146.77376334281823
-37.151969078741,146.7737501097426
-37.15199259494575,146.773713485817
-37.151964567659675,146.77367812145906
-37.15193780851579,146.77369387875586
-37.151972999469265,146.7737161673918
-37.15193610805165,146.7737060901854
-37.1519027050318,146.77372731900158
-37.15187857534415,146.77372643265474
-37.15191235798515,146.77370944591593
-37.15194725044974,146.77367891295486
-37.151938581738605,146.77369762436612
-37.15195127797957,146.7736917234716
-37.151685163853216,146.77420746875327
-37.15143646301446,146.77474634830673
-37.149296535917216,146.77837395210307
-37.14685464954217,146.78176221780407
-37.14466729289073,146.78567995675394
-37.14314283336447,146.78904100729986
-37.14352983107743,146.79185186526493
-37.14360413575486,146.79242017312086
-37.1444492366803,146.79651932331524
-37.145303984412564,146.80014602377582
-37.14655475952589,146.80432909431968
-37.147613427626055,146.8076267334031
-37.148650744632086,146.810137951629
-37.149612081499114,146.81187307050507
-37.14999533788978,146.81357456392567
-37.15018357801132,146.81496316963091
-37.15038980156675,146.81553019553323
-37.150669253201045,146.81596557639045
-37.15070067920027,146.81592955723733
-37.1507031509204,146.81592273226977
-37.150943168888205,146.81610686504055
-37.15366655318431,146.81830008086976
-37.15635910093449,146.8208217605507
-37.15920906714946,146.82298320603604
-37.159645973787946,146.8232069049153
-37.15998879464382,146.82344028231657
-37.160339499913,146.82323410905474
-37.1604142029355,146.82282600848575
-37.160526128759706,146.82245160455926
-37.1605715342045,146.8219643156598
-37.16056749818136,146.82195897971062
-37.160554460189694,146.8219436183594
-37.16059025142947,146.82195003926319
-37.16056930137306,146.8219201128832
-37.16058456891178,146.82192200598934
-37.160578824727956,146.82194486095293
-37.16055871757719,146.8219107321647
-37.16058881039576,146.82190705635847
-37.1602425673401,146.8216869165039
-37.159852947044094,146.8214570006125
-37.15957012452566,146.82114991425382
-37.15929249932711,146.82091494976072
-37.15900029560717,146.82069033458419
-37.15871237798221,146.82042263568115
-37.15842297076007,146.820027082116
-37.158400067767715,146.82000914493477
-37.15839615883325,146.82001858973834
-37.158568794785296,146.81951115204865
-37.158599179144844,146.81954315591906
-37.1585778767513,146.81955856223345
-37.15855460398028,146.81956727002188
-37.15859119598876,146.8195819142016
-37.15831295206542,146.81904564641286
-37.15809298196584,146.81881245736085
-37.157776047291314,146.81831479891676
-37.15764398040004,146.81784235650252
-37.15745101544539,146.81738234449693
-37.1573098899072,146.81699788087383
-37.15646963931377,146.81338855253733
-37.15532336865856,146.8094419419576
-37.15401218419905,146.8059146922396
-37.150809703690996,146.80581877457604
-37.148174300283806,146.80524293277645
-37.14646789122196,146.8044796183238
-37.145095894517645,146.80386551522668
-37.144583594308024,146.80377617049993
-37.14415388929733,146.8036129902602
-37.1438327615833,146.80336973075586
-37.14357397719027,146.80292756933332
-37.143290751023756,146.8026903019716
-37.1429711913177,146.80230612487568
-37.142771659754395,146.80185004244777
-37.142996930018164,146.80148005071555
-37.14330709612859,146.80105110085714
-37.14355922520347,146.80071014751903
-37.14387780437565,146.800204303551
-37.144019338654815,146.79977961764283
-37.14411214037301,146.79934904919224
-37.14412769433876,146.79936877420573
-37.14415764294696,146.7993917928826
-37.1441381071276,146.79939750372196
-37.144285061435355,146.79899695981933
-37.14429731697309,146.79900381814608
-37.14430537643765,146.79903391121147
-37.1447234873164,146.79876483061318
-37.14498098280832,146.79848172586122
-37.14524538062898,146.79801847954744
-37.1452334387714,146.79739228681066
-37.14518113600407,146.79691199045305
-37.145110824072724,146.79327872495662
-37.14549007865195,146.78861043362926
-37.14549265038139,146.78803704084527
-37.14543890079808,146.78428723333153
-37.145672721516966,146.78054297548252
-37.146491664087776,146.77609514820426
-37.14662319825137,146.77562591962837
-37.146693169885694,146.77511317539762
-37.147619578366566,146.77091864089817
-37.14552331962947,146.76736476686494
-37.14363328717302,146.76467675637537
-37.14125049020777,146.76197491722326
-37.13951614627405,146.75967522894058
-37.13825679778204,146.75787057400944
-37.13730924788811,146.75672160840276
-37.13625891601002,146.75562807507652
-37.136067716052146,146.75536147701342
-37.133249941349014,146.75226929963952
-37.13284045469045,146.75191268258993
-37.13262458479269,146.7515885804506
-37.129929733513066,146.74838349170005
-37.12720342717126,146.74496627535453
-37.12500072865726,146.74225946959587
-37.12283814784851,146.73967450744107
-37.12081954517585,146.73760061712872
-37.11959992116747,146.73585586049762
-37.118933603511344,146.73446300645278
-37.11841198605216,146.7331404375836
-37.118289049827695,146.73285916524017
-37.11710360415554,146.7292001825666
-37.116348212193685,146.7253440561304
-37.11563333857908,146.72163160720743
-37.115232750960615,146.71817497843244
-37.11483608131928,146.71557725958723
-37.11480996493448,146.71498781031354
-37.114930315741205,146.71451521825074
-37.1151283599572,146.71416641264528
-37.115168364367484,146.71414673499007
-37.115203099959906,146.71414794522187
-37.11550483733684,146.71372508793075
-37.115863015696554,146.71324214463584
-37.116051859327165,146.71287402061546
-37.116148473074226,146.7124596963936
